,FID,Keyword
0,1,Software DEL TTY-like 32 SRI April IMPs We Experiment Questions
1,2,FIELD Duvall ADD Auxilliary If auxilliary 0 request network Primary
2,3,Steve Network Group Bill 2 4 Jeff Duvall NIL NWG
3,4,messages Test BBN SRI host Network voice Imp procedures power
4,5,conjunct exp SYNTAX DEL area% It empty); California NLS id;
5,6,"Network 4 5 Format Bob conversion 9 Error communication, suggested"
6,7,Deloche Interface Network program Host-IMP text May +--------------+----------+ user's This
7,10,California Steve Group Utah Network UCSB Elmer John Paul (213)
8,11,Network GORDO Host 0 Software Procedures messages Deloche August HOST(y)
9,12,Wingfield Y IMP-HOST 26 August DIAGRAMS <--0; 12 INTERFACE COUNTER
10,13,[ Network Group Vint Cerf Request Comments: 13 20 August
11,14,14
12,15,PDP-10 TELNET 940 15 |______| Network user's network UTAH ______
13,16,Network Group MIT Steve Request Comments: 16 27 August receive
14,17,Re: Kahn HOST-IMP message Kreznar Host [ August BBN 17&
15,18,Network Group California Los Angeles Request Comments: 18 Vint Cerf
16,19,"John SDC ARPA [ network 2 messages This example, Bob"
17,20,0 |---|---|---|---|------|-----|-----|-----|-----|-----|-----|-----|-----| (FE) [3] Network ASCII (CC) 20 printing STX
18,21,NWG/RFC 63 links October UCSB 1822 type Revisions 10 Network
19,22,auxiliary SITE <L2> LINK# |////////////////| FLAGS TYPE output message control
20,23,Network Group G Gregg Request Comments: 23 UCSB 16 October
21,24,Calif Steve MITRE (213) Utah (Sec'y) Mass Group Network ARPA
22,25,Network Group Steve Request Comments: 25 30 October NO HIGH
23,26,26
24,27,Calif Mass MITRE UCSB (617) Steve Utah (213) Network Group
25,28,Group Bill English RFC-28 SRI 13 January 1970 TIME STANDARDS
26,29,S Network Group Robert Kahn RFC-29 19 January 1970 This
27,30,Calif (617) Mass MITRE RAND Steve Utah Stanford Group Carnegie-Mellon
28,31,CPAIR OPT 1968 Field 31 COORD EXP Binary Message February
29,32,"[ require clock Network Group Jerry Cole, Request Comments: 32"
30,33,<AEN HOST-HOST 1970 network 33 1> 12 February 2> SRI
31,34,Bits 23 straight range ARC 34 8 16 60 [
32,35,Network [ network NWG/RFC Group S Request Comments: 35 Category:
33,36,socket> <link> <my <your socket This Form: Purpose: 36 1970
34,37,"I NWG/RFC Network March Epilogue, 1970 37 20 Meeting (617)"
35,38,Network [ network Group Stephen M Wolfe Request Comments: 38
36,39,1970 <My Socket> <BDC> Heafner NCP COMMENTS PROTOCOL NWG/RFC #36
37,40,Invalid NCP NWG/RFC table <NOP> <Code> <QRY> <RPY> <Command Unused
38,41,[ Network Group John Melvin Request Comments: 41 SRI/ARC 30
39,42,|=| MYLOCAL YOURLOCAL X Network 42 1970 type message /==|
40,43,MIT I/O LIL Nemeth 8 TSP G Network Group Request
41,44,socket> <my <socket CLOSE 2 NWG/RFC ASCII-8 Host Network 1970
42,45,[ Network April Group J Postel Request Comments #45 S
43,46,NCP 1970 socket 'Aa12' UCC 46 process |____| Network 'Bb9'
44,47,Host NWG/RFC Comments BBN's #33 April 1970 5 47 We
45,48,We 1970 48 NWG/RFC Protocol Possible Postel +---+ Plateau April
46,49,"UCC Steve NCP NWG/RFC I ""quit"" INT MAC 49 (UCLA)"
47,50,We Note E ASCII [ MAC sub-field UCC Network Meyer
48,52,Calif Project (617) Stanford Mass Network James Computer MITRE Harvard
49,53,[ Barry Host-Host Network ARPA I protocol After Group S
50,54,"socket> Kraley CLS June 54 1970 Newkirk We 18 Crocker,"
51,55,"CLS NCP June 1970 55 CR If Newkirk, Prototypical CLOSE"
52,56,"zero machine's receive-logger NCP CONNECT When host#, LISTEN ""exit"" This"
53,57,NWG/RFC #54 ILLEGAL In 1970 June 57 RST COMMAND We
54,58,"This logical however, message technique [ physical network Network Group"
55,59,"NCP NCP's ""cease link"" MQL NWG/RFC Versus Fixed Flow 59"
56,60,NCP socket> <your 1970 <my <number Kalin 60 July 13
57,61,RECEIVE SEND +-----------------+ rendezvous Network ANY 1970 July L Host
58,62,RECEIVE SEND rendezvous Network ANY 1970 IPC 62 L ARPA
59,63,(LL) Network (UCLA) (SDC) (Harvard) (UTAH) Jim John type Request
60,64,"0 Host 32 Getting Rid Marking ------------------------------ 12 ----------------------------------- 7,"
61,65,NCP ALLs I Walden Host-Host look-ups 1970 [ 9 65
62,66,4 US BBN (hereafter site) SS+1 US+1 Request #66 26
63,67,Host/IMP text BBN [ We Network Group W Crowther Request
64,68,ACK (CONTINUE) RFNM Group Request #68 70 This In 31
65,69,[ MIT Vezza Network Group Bhushan Request Comments: 69 Updates:
66,70,2 k R(p) 4 j Network Group 70 Note p
67,71,RFNM [ NCP GVB message Host RET Network Group Tjaart
68,72,Group D Network Robert network major Bressler Any 72 [
69,73,[ Bill's Network Group S Request Comments #73 25 Sept
70,74,"Network Interface On-Line 2 UCSB 16, 1970 SIGN 74 White"
71,75,Network Group [ I FJCC S Request Comments #75 14
72,76,"::= statement> Connection-By-Name: Semantics: 1970 Bouknight, 76 User-Oriented B6500 UTAH"
73,77,"Network 1,2,3 NIC 1970 Meeting 20 Steve J November 77"
74,78,UCSB RAND [ Network J #1 NCPs Group E Harslem
75,79,"[ NCP Steve Network Group Edwin W Meyer, Jr Request"
76,80,"US 4 Network 80 1970 Data SERV December Harslem, We"
77,81,Request [ Network Group J Bouknight Comments: 81 Category: Informational
78,82,Crocker: Engelbart: Network We 1970 82 Meeting December Meyer: I
79,83,"Machine 1970 83 -> 18 expression December Anderson, Data EBCDIC"
80,84,NWG/RFC NIC 1970 (UCLA) J Protocol NWG/RFC's (HARV) Network 84
81,85,Network Group [ Illinois Steve Request Comments: 85 NIC 5624
82,86,"network origin"" ""Display NGLI <x> <y> <c> NGSI NGDS When"
83,87,Yost Project Urbana 1) 2) 3) organization paper(s) [ April
84,88,"NETRJS job 1971 THIRD PROTOCOL LEVEL 88 13 CCN Braden,"
85,89,MITDG Harvard PDP-10 +-------------------------------+ 89 19 1971 HISTORIC MOMENTS NETWORKING
86,90,Network CCN 1971 IBM QUICKRUN @ job January jobs batch
87,91,EOM 1970 SIZE CONTROL 91 size N GETFD PUTF SYS
88,92,92
89,93,"[ 32 80 Protocol Host-Host This number"" ICP zero Network"
90,94,"Network 86 94 1971 Graphics Note Harslem, Data February OF"
91,95,ext NWG/RFCs Hall NIC (617) February Research Distribution Enterprise Computer
92,96,NIC We 5739 NLS(T) Network NETWORK WORKING GROUP #96 NLS(NIC)
93,97,+----+ NIC Telnet ASCII Melvin 1971 network NLS(NIC) 97 NCP
94,98,32 ASCII +-----+-----------+------------+ Logger Network 1971 98 US Feb sequence
95,99,Network [ Group Karp MITRE P Request Comments: 99 NIC
96,100,NWG/RFC (UCLA) #s: *NWG/RFC 1970 1971 February Karp NWG/RFC's Categorization
97,101,NIC NCP February NETWORK WORKING NOTES GROUP MEETING 1971 THE
98,102,size 1971 byte February HOST/HOST PROTOCOL GLITCH CLEANING COMMITTEE RST
99,103,NCP 1971 INS 103 ASCII Keys -- February text 4)
100,104,[ Network NIC 5768 J Postel C Group Request Comments:
101,105,RJE RJOR job UCSB request White 105 1971 I/O socket
102,106,Duplex _____________________________________________________________ [ If NETWORK PROTOCOL __________________________ __________________________________________________________ Network What
103,107,8 RST NCP NCP's byte 32 size Message ERP text
104,108,1971 108 Network Group Request Comments: SRI-ARC NIC: 5807 25
105,109,0 +---+---+---+---+---+---+---+---+ EBCDIC ASCII +---+---+---+---+---+---+---+---+---+---+---+---+---+---+---+---+ 1971 LOGGER 109 24 Protocol
106,110,$NOT 2741 IBM ASCII Using 25 March translate Winett 110
107,111,RFC's Host; Network (e) John Group S Request Comments #111
108,112,Network O'Sullivan Raytheon Systems TELNET Group T Request Comments: 112
109,113,UCSB Network 80-character NETWORK RJE/RJOR job [ RJE We Rand
110,114,ASCII TRANSFER PROTOCOL FILE 1971 request 114 Bhushan 8 16
111,115,Network NIC ARPA 1971 Handling 16 Watson 115 protocol; Documents
112,116,NWG [ I 71 May existing Phase Suggestions Network Group
113,117,2 Type ERR NCP RESET-reply 72 Link 9 up-bit (A
114,118,Network NIC required 1971 FOR DOCUMENTATION INFORMATION NETWORK [ Watson
115,119,"socket Network Krilanovich 1971 119 21, Fortran completion INTEGER*4 Subprograms"
116,120,"socket PL1 NETWORK SUBPROGRAMS BINARY 120 completion operation FIXED(31,0) ON-LINE"
117,121,socket On-Line Network socket; Krilanovich 1971 Q1 Q2 completion foreign
118,122,X SMFS J 1971 122 Simple-Minded White I/O file April
119,123,"size (socket U, ICP (local L S+1, socket foreign L,"
120,124,NIC [ NETWORK WORKING GROUP J Melvin Request Comments #124
121,125,"sub-list Multics 86 NGDLP NGDS object RFCs require x,y ["
122,126,[ device IBM IV Ames CRTs Research ILLIAC This Network
123,127,", U, RTS, L, STR, (value S) CLS, S+1, U+1,"
124,128,-+---+---+---+---+ +--------+ +-----+-----+--- <--- size NCP 128 (Case [ receiver
125,129,User socket Host Network NCP SOCKET <-- (Scheme 24 IDENTIFIERS
126,130,NIC #111 (TELNET Alex Network #5767 TELNET Heafner I Group
127,131,NWG 360/65 PDP-10 1) Network We Rand 2) NCP Request
128,132,zero [ NETWORK WORKING GROUP Jim White Request Comments #132
129,133,==> <== -- <+> 133 1971 NCP Here's JOE request
130,134,Network Vezza Yost 1971 Project House working NIC 6711 Graphics
131,135,#110 2741 Hathaway 135 29 1971 NWG/RFC ASCII key Response
132,136,Host What Network That Kahn 136 29 1971 ARPA required
133,137,0 +---+---+---+---+------+----+----+----+----+----+----+----+----+ TELNET O'Sullivan Meaning: Source: -> 137 1971 2
134,138,::= value 0 1971 138 DRS 2 Reconfiguration Service expression
135,139,TELNET ASCII O'Sullivan serving 139 1971 May Using ECHO Discussion
136,140,"TIME: TITLE: (RFC's ARPA NWG UCSB ""The At Monday Network"
137,141,141 job IBM Harslem Haefner 1971 Bushan's #114 Although [
138,142,CLS RTS IMP-HOST NCP STR Destination -> 2 matching 5
139,143,17 5 9 ICP User Server UNCP SNCP Official J
140,144,data Computer management 30 existing 1971 144 Network Networks This
141,145,", U, RTS, L, STR, ALL, U+1, 32 C (value"
142,146,(RFC Data network Host ARPA CCA's Shoshani's Network Stage data
143,147,Network Socket Lincoln 360/67 1971 network Laboratory May ARPA [
144,148,[ 32-bits 's' Network Group Bhushan Request 148 MIT --
145,149,[ Network Group S Request Comments 149 NIC 6752 10
146,150,ABILITY TO IPC #150 5 1971 May If Use This
147,151,size ALL NCP [ In S requirement may SDC level
148,152,Group [ We TENEX PDP-10 Network network SRI Our M
149,153,Stage We NIC May network Network 0 Melvin 1971 NICTNLS
150,154,: f(x) x [ Network Group S Request Comments: #154
151,155,Calif Computer Research [ Los <continuation document> Laboratory NETWORK Project
152,156,26 Site [ Illinois Network Group J Bouknight Request Comments:
153,157,1971 Optimization Symposium IEEE [ Data Communication Systems 157 ACM
154,158,0 +---+---+---+---+------+----+----+----+----+----+----+----+----+ TELNET O'Sullivan PROTOCOL -> May Meaning: 158 19
155,159,159
156,160,NWG/RFC Job Questionnaire NIC Comments: Stanford Institute NIC: 4687 4688
157,161,"THE example), ICP #143 Host-Host (U6) [ Network Group Request"
158,162,NETBUGGER3 X Host Kampe Network 162 1971 FILENET [ May
159,163,Data Manager ICP This Standard For Network We None [
160,164,Network Heafner 164 Group 1971 Meeting May Minutes (RFC TIP
161,165,"size socket (socket May 1971 S+1, 165 foreign 25, (local"
162,166,"::= 0 1971 166 value <null> Reconfiguration DRS May Anderson,"
163,167,"NCP socket Protocol Socket It 167 Reconsidered (eg, 32-bit CLOSE"
164,168,Research Calif Computer Network 168 6785 Technology Square NIC ARPA
165,169,1971 Computer workshop 169 27 May Networks -- IEEE Session
166,170,April May List June January Data Proposed O'Sullivan NIC NWG/RFC's
167,171,DLE DTP sequence June TRANSFER 1971 PROTOCOL 171 THE Hex
168,172,request FTP NWG/RFC 172 -------------------------------------> ASCII file CLS <------------------------------------- It
169,173,Network IBM objectives McKay NWG network July MITRE [ CCA
170,174,"DEC 340 We PDS-1 MOSAIC NWG J Postel, 174 UCLA-NMC"
171,175,"|_ [ ""Socket zero #167, Network Group 11 June 1971"
172,176,3rd size Byte MIT #176 #7100 byte NIC 107 8-bit
173,177,"16 NGLI DISPLAY (x,y) McConnell +-------+ 177 June 1971 DEVICE"
174,178,NETWORK 1971 GRAPHIC Network June HANDLING 178 ATTENTION may DEVICE
175,179,[ 2-71 Available Group Alex McKenzie Request Comments 179 BBN
176,180,"Host example, For I/O What file system network McKenzie are:"
177,181,"LIST #177 MODE EXECUTE 16 DEFINE RFC's (Name,(Xl,Yl),(Xr,Yr)) VECTOR (item"
178,182,OF ARPA Network Site-produced existing IPT Site's 182 Jeanne 7126
179,183,"EBCDIC (Reserved) ASCII [superscript Winett July 21, 183 GR 1971"
180,184,|_| \--v--/ <= |XX| Kelley 6 |_|_|_|_| 184 1971 |--|--|--|--|--|--|--|--|
181,185,[ Network NIC 100 185 Jeanne North 7129 ARPA Category
182,186,; Graphics request WAR Network July 1971 If 186 Loader
183,187,'NC' 'EE' job network When system Research message IBM Express
184,188,Data Corporation IBM Management Computer Karp McKay Square August Network
185,189,NETRJS job 1971 189 VRBT RJS ASCII +--------+ <-- July
186,190,IMLAC PDP-10 r1: COMMUNICATION SYSTEM 190 1971 display DEC 13
187,191,NLS When display size 64K Research [ file-viewing 20 ARC
188,192,Display 192 1971 Network July 12 Graphics Watson object Factors
189,193,x ----------------------------------------------------------------- July 193 UTAH TENEX [ ICP Group 14
190,194,TOS -> :: 4 0 +------------------+ NULL 194 2 AD
191,195,"Data 1971 195 GET 2 July EL1 Network I Massachusetts,"
192,196,"Meaning: NIC box MAIL PROTOCOL 7141 BOX zero 0 Protocol,"
193,197,"NCP X ICP L, U request We U, X1, X2"
194,198,Network [ Group J Heafner Rand Request Comments #198 20
195,199,8 Byte 16 DATA-TABLET 15 July SUGGESTIONS NETWORK 1971 FOR
196,200,1971 1970 July June Network Protocol April May February Data
197,201,201
198,202,RFC's Network NIC Document #2 [ Wait We required S8
199,203,N 203 1971 J 10 Kalin ACHIEVING RELIABLE COMMUNICATION ARPA
200,204,[ Jon programs? Group Postel 5 Network Request Comments: 204
201,205,VCD NETCRT +---------------+ URSA DISPLAY CHARACTER PROTOCOL 205 1971 _Break_
202,206,TELNET CASE 1971 206 White User Figure PDP-10 August system
203,207,Network J (617) Vezza [ September Bob 864-6900 x1458 Group
204,208,O PDP-1O TIP 2 0 IBM PDP-10 McKenzie NUMBER 418
205,209,1971 1822 We IMP/Host [ Hosts Host Network Group Request
206,210,"""return"" Eliminate host's RFNM [ ""give If back"" Request Comments"
207,211,1971 Network Research ARPA BBN-TENEX Square Project Calif Laboratory Computer
208,212,"Network October NWG NIC TIP Protocol #207 Sunday, John J"
209,213,[ BBN Network Group Cosell Request Comments: #213 NIC #7194
210,214,x 21 BBN ? SDC MIT NCP August 214 UCSB
211,215,"Host CLS Terminal RFCs #215 ECO 32-bit GVB network 65,534"
212,216,NETOLS UCSB's OLS 1971 Figure [circle 216 Network System White
213,217,"NIC UCSB 'Network 105, size [ SMFS Network 74 simplex"
214,218,[ BBN Network Group Cosell Request Comments #218 NIC #7548
215,219,1971 User's View Datacomputer September 219 Winter In index When
216,220,220
217,221,"Protocol Box File BOX Watson Mail Meaning: MAIL Network Protocol,"
218,222,"TELNET Project Metcalfe MAC 1971 NWG 864-6900 x1458 [ Cambridge,"
219,223,Zenith 0740 Enterprise 9-0740 Group Network 329-0740 NETWORK 0500 1800
220,224,"TELNET mailbox [ McKenzie #224 BBN (eg, Host NIC Data"
221,225,|+---+---+---+---+---+---+---+---+---+---+---+---+---+---+ |-+ Network +--------------------------------------------------------------+ OLS UCSB EXPERIMENT 225 1971 RAND/UCSB
222,226,[ THE OF NETWORK WORKING GROUP PEGGY REQUEST COMMENTS #226
223,227,Heafner 80 Harslem 227 September 1971 (RAND/UCLA) (bits/secs) Network Group
224,228,BBN #70 statement Network Group Dave Walden Request Comments #228
225,229,71 Name Network Group Jon Postel Request Comments: #229 September
226,230,TIP Bell For System [ block TIP's start/stop 10^5 TIP-terminal
227,231,"network job I/O example, We service Network [ For Notebook"
228,232,Network Graphics [ meeting October #232 NIC #7649 Vezza September
229,233,"[ 71 Host Network Group 28 Sept Abhay Bhushan #233,"
230,234,"Network Group October Project Square), Vezza 9:00 (Technology 12th workshops"
231,235,D PDP-10 0 1/2 IBM-360 HARVARD LINCOLN BBN NETWORK COMPUTER
232,236,"BBN UCLA-NMC 71 [ #226, Name UCSB NBS Network Standard"
233,237,NIC Network 8 maximum 6 NWG Group Richard W Request
234,238,[ DTP Descriptor/Count modes-available Protocol 2 File receiver Network Group
235,239,"NIC [ Network 229, BBN choice; Group R Braden Request"
236,240,"O D PDP-10 1/2 IBM-360/67 ""Soon"" HARVARD LINCOLN BBN T"
237,241,Host BBN Terminal [ McKenzie 241 network MLC Multi-Line Usage
238,242,"For example, equivalent |,=value|) |,extent| following value may network This"
239,243,1970 Data J 1968 Network vol W Computer IBM October
240,244,244
241,245,[ Network Group MAC October reservation Request For Comments #245
242,246,Network Graphics [ Meeting November Group Vezza Request For Comments
243,247,10 -> M Host S X'45' 65 X'41' #247 4
244,248,248
245,249,Network etc) [ Advanced Illinois F equipment listing TI-725 Gould
246,250,Protocol [ (RFC 8 Transfer sequence File UCLA-NMC We Network
247,251,[ Network Stern ARPA Computer Corporation Group D Request Comment
248,252,"PDP-10 D O #D ""Soon"" Server User HARVARD LINCOLN Bob"
249,253,[ Stanford November Whether Network banquet Graphics Your Laboratory This
250,254,(to follows) 1971 254 (you ARPANET Using October Network TENEX
251,255,"O PDP-10 D IBM-360-67 T NETWORK COMPUTER DAY, DATE AND"
252,256,[ Host Network BBN Group Cosell #256 NIC #7697 November
253,257,257
254,258,258
255,259,259
256,260,260
257,261,261
258,262,262
259,263,Host BBN [ Network McKenzie We hard-wire Group Request Comments
260,264,"DLE DTP sequence 264 1971 15 Hex November Bhushan, Octal"
261,265,request 1971 FTP November 265 ASCII 17 file -----------------------------> serving
262,266,O D PDP-10 T 1330 IBM-360/67 (Destination H [ Host
263,267,"O PDP-10 D #D '72 IBM-360/67 ""Soon"" HARVARD LINCOLN Server"
264,268,Notebook Network Group J Postel Request Comments: #268 UCLA-NMC NIC
265,269,"UCSB We user's UCLA-NMC ""FOO"" H December FOO FXFER 71"
266,270,BBN 30 McKenzie Host marked Network Group Request Comments: 270
267,271,Host Network 30 BBN [ January 1972 1/4 Ready queue
268,272,272
269,273,"Mnemonic> Recognize NIC <Institution <Host 7837 247, [ subject (1)"
270,274,"NIC <MITRE> NETWORK 4 -----, Subsystem MITRE SITE-FILE Next Guide"
271,275,275
272,276,"NIC [ SRI 29, use Course Nov NWG/RFC# 276 8-NOV-71"
273,277,277
274,278,"8056 <separator> Box ""MAIL"" NIC With NWG/RFC# 278 17-NOV-71 <ident>"
275,279,279
276,280,NWG/RFC# 280 17-NOV-71 15:57 8060 Set Host Names [ Draft
277,281,sequence McKenzie 281 1971 ProtocolDecember File Suggested 16-bit Data Addition
278,282,Graphics 1971 282 Network Padlipsky December graphics UCSB experiment Meeting
279,283,"job NETRJT server TIP's OPEN output NETRJS TIP However, <"
280,284,284
281,285,! PROCESS DISPLAY display OUTPUT 285 INPUT 8271 NIC graphics
282,286,[ Library Network Georgetown System NIC query ARPA Retrieval organization
283,287,"D PDP-10 O #D ""Soon"" Server User '72 LINCOLN IBM-360/67"
284,288,D PDP-10 #D O IBM-360/67 Server LINCOLN HARVARD SOON User
285,289,NWG/RFC #289 21-DEC-71 16:29 8295 Hope Official List Host [
286,290,Computer Data J p 1970 R D 1971 W vol
287,291,"Hughes objectives [ Network 1972 NIC (Area Watson 23, D"
288,292,::= stt> delta> 0 <x coordinate> <string> <y Graphics Protocol
289,293,"O D #D PDP-10 ""Soon"" User Only Server HARVARD IBM-360/67"
290,294,-------------------------------------> <------------------------------------- File X End Network Y Z ASCII [
291,295,Protocol Workshop NWG/RFC #295 JBP 2-JAN-72 15:35 8355 queueing ECO
292,296,0 DS-1 4 15 I/O 296 1972 January 2 Display
293,297,8 [ TIP size BBN (in characters) 64 2) 3)
294,298,"O D #D PDP-10 Server ""Soon"" LINCOLN HARVARD User IBM-360/67"
295,299,(217) System [ Dorothy Hopkin Management This IV Network Group
296,300,NETWORK Project Computer Research 1972 BBN-TENEX Square Calif January MAILING
297,301,"[ (#5) 4, BBN Saturday NCC We Network network Host"
298,302,} group UCSB UCLA-NMC [ various 8 BBN-TENEX Dave {Jim
299,303,Network ARPA Research Computer Calif Project Laboratory BBN-TENEX (617) Square
300,304,DCF network McKay System Management 304 1972 ARPA Data Network
301,305,BBN [ ETAC RSTs 316 We Network Group Ralph Alter
302,306,D O #D PDP-10 Server User HARVARD H ________ PDP-11
303,307,RJS TERMINAL Network RJSAP User PDP-10 job JOBS NETRAND ACTIVE
304,308,000% 0000 SURVEY MIT-DMCG 0023 LOGGER ARPANET 064% LONGTERM [
305,309,-- NWG/RFC ARPANET Bhushan 309 Abhay J 1972 Job Use
306,310,FTP DTP ASCII size NWG/RFC TELNET 310 Look NIC 1972
307,311,I/O UCSB [ Tektronix MLC/360M Multiplexor Computer NETWORK WORKING GROUP
308,312,Error message We 'link [ IMP-to-Host McKenzie BBN NIC Under
309,313,CBI Network O'Sullivan General network 1972 Computer 313 1) Purpose
310,314,"Mitre [ Network Graphics Group Please Corporation, McLean, (703) Holiday"
311,315,"#D O D PDP-10 Server User ""Soon"" Only NETRJS H"
312,316,McKay network MITRE 1972 Data Group 316 Management NLS IBM
313,317,Available Network Protocol Switching experiment To Group Jon Request Comments:
314,318,Telnet ASCII 1972 318 Protocol NVT DATA LF MARK CR
315,319,"O #D D PDP-10 Server User Only ""Soon"" ---- NETRJS"
316,320,Reddy XCRIBL Xerox PDP-11 Workshop Systems 320 1972 XGP Graphics
317,321,"network ARPANET system IMLAC LOGO We BBN MITRE Feurzeig, TICCIT/CAI"
318,322,(213) Group Network [ Vint Jon Request Comments #322 J
319,323,+-------+---------------+ FORMAT Network 1972 +---------------------+ Group 323 J Formation NWG
320,324,RJE [ Network 72 McKenzie 72) Group J Postel Request
321,325,NETRJS NETUTAH1 RJS Hicks JOB When TERMINAL 1972 Network jobs
322,326,"O D #D PDP-10 Only Server User H ""Soon"" Network"
323,327,"April name> 14 14,15 MIT-MAC File Bhushan 1972 <port ASCII"
324,328,328 HIDE YOUR [ 72 DATA INPUT ASCII Network Group
325,329,NETWORK MAILING Network Research Information Computer LISTS ARPA Calif Project
326,330,"O D #D PDP-10 Only Server User H ""Soon"" NETRJS"
327,331,IMPSYS [ 2600 IMPLOD We request Network BBN Group J
328,332,"O D #D PDP-10 Server Only ""Soon"" User NETRJS ----"
329,333,"Host rendezvous MESSAGE 1972 SEND EXPERIMENT SWITCHING PROTOCOL RECEIVE Bressler,"
330,334,Network [ 8 McKenzie BBN Vint network Group #334 NIC
331,335,[ 1972 Network Group UCSB Computer NIC #9928 Research Lab
332,336,: Level 0 Graphic Protocol Input DEVICE TEXTIN POSIT [
333,337,337
334,338,EBCDIC MAPPING NETRJS ASCII NETWORK Network 1972 FOR EBCDIC/ASCII <cent
335,339,MLTNET TENEX <name> syntax: ARPANET effect: user's When In Causes
336,340,ASCII TELNET [ 8 Data Your length Hide require Network
337,341,341
338,342,"O D #D PDP-10 Only Server User ""Soon"" Network NETRJS"
339,343,IMP's McKenzie IMPSYS 2600 next We 343 1972 [ Change
340,344,O D Server PDP-10 #D Only User H #T Network
341,345,[ MPSX mixed Illinois CCN IBM We Computation programming system
342,346,": [ Satellite RFC's ARPANET 44,000 3,000 M N Network"
343,347,[ Network NIC Group Jon Postel Request Comments : 347
344,348,: [ Network NIC Group Jon Postel Request Comments 348
345,349,: Network Socket [ NIC I Assignment Group Jon Postel
346,350,UCSB Network HARV MIT BBN User AMES BURR System NWG/RFC#
347,351,Local Mailing Science [ Graphics Network Group H Request Comments:
348,352,TIP 5-JUN-72 16:11 10594 NWG/RFC# 352 organization: [ NWG/RFC #352
349,353,O D Server PDP-10 Only User #D June TIP Network
350,354,"CRLF ASCII TELNET size FTP ::= July 1972 8, socket"
351,355,"346 John Davidson June BCC conjunction [ Echoing, ARPANET 500"
352,356,[ NCC Network R Bolt Beranek ARPA busy Group Alter
353,357,break TELNET TIP 357 For 1972 June MTB Handler Davidson
354,358,358
355,359,[ OF THE June We BBN #343 quite July Network
356,360,job TELNET FTP RJE 1972 360 ENTRY JOB REMOTE 500-505
357,361,[ MIT-DMCG Network Group Bob Bressler Request Comments: 361 NIC:
358,362,O #D D Server Only PDP-10 User H TIP BBN
359,363,NETWORK Network MAILING Computer Information Research LISTS Project (415) Square
360,364,"How What Is 364 NIC July 1972 Abrams 11 (eg,"
361,365,ECHO @MAG TIP halfduplex @BINARY 1972 July -- WILD REMOTE
362,366,O #D D Server Only PDP-10 User H TIP BBN
363,367,O #D D Server Only PDP-10 User TIP July BBN
364,368,"Network [ TIP's syntax For EBCDIC 2 example, job jobs"
365,369,ARPANET 1972 SERVICES 369 EVALUATION OF % Pickens July network
366,370,O #D D Server Only PDP-10 User H TIP BBN
367,371,ARPANET BBN [ Hilton October Computer Communications 11020 We NIC
368,372,Bob 11022 12-JUL-72 IMLAC Kahn TIP ON ICCC [ NIC
369,373,11058 ARBITRARY CHARACTER SETS John McCarthy 50 14-JUL-72 12:41 NWG/RFC#
370,374,"July [ We McKenzie 18, ""feel"" NCC On Alex BBN"
371,375,375
372,376,O Server Only PDP-10 User D #D TIP H BBN
373,377,TSO EBCDIC ASCII 1972 MARK CCN LF 377 NETWORK input
374,378,30 -------- ------- BBN 0 McKenzie 136843 159872 335053 68838
375,379,TSO TSO: //* (213) READY You CCN Network LOGON EDIT
376,380,380
377,381,"Bits Network 26 July Quillan, Error 1972 381 IMP-to-Host message"
378,382,[ NIC ARPA IMSL Network NATS network 11122 Lawrence McDaniel
379,383,383
380,384,Research Force Center Bolt Beranek Newman Air California Corporation Weather
381,385,NWG/RFC EBCDIC ident> 385 <sys _CRLF_ 354 command ASA EOR
382,386,TIP @TRANSMIT EVERY Host/Host Host LOGIN 386 2 We ON
383,387,0 2 Kelley +--+--+--+--+---------+--+--+ NGP-0 NGP 387 System -1/2 Meir
384,388,FORMAT NCP +-------+---------------+ +--------------------------------+ 388 1972 +---------------------+ Statistics DESTINATION 24
385,389,NETWORK ARPA Network (213) problems Fred [ Operations CCN Manager
386,390,JOB ABC123P JCL FORMAT(' READY /* //LKEDSYSLMOD job UNLIKE ATTRIBUTES+
387,391,31 ------- ------ 2 TRAFFIC 4 0 LINC HAD NO
388,392,Network Hicks 392 1972 jobs TENEX Measurement Data Wessler RJS
389,393,"TELNET ASCII [ Break ""Hide-your-input"" duplex CR-LF If ""Echo"" received"
390,394,Host 30 network John #394 [ We half-duplex McQuillan BBN
391,395,[ (DOWN) 516 316 OFF IMPs (UP) requested TIPs Sense
392,396,Group Graphics [ Network 474 I meeting 1973 (2) (3)
393,397,387
394,398,"UCSB IMLAC [ Graphics TEKTRONIX John x'701' Nevertheless, x'705' OnLine"
395,399,number> name> <user <account SMFS LGO 8 LGI [ <op
396,400,30 ------- ------ TRAFFIC LINC HAD McKenzie DAILY NODE TOTAL
397,401,Q +S S #387 NGP-0 D Conversion 2's [ NGP
398,402,NETWORK Network MAILING October Information Calif Computer Project LISTS (415)
399,403,Z +-------+ 1108 Utah Hicks Network R January 1973 EXEC
400,404,"TENEX [ RAND ISI Host 86 ""Network Address"" NWG/RFC #404"
401,405,"TENEX 404 [ RAND ISI RFC# 86 ""Network Address"" NWG/RFC"
402,406,"17, Bits zero 5 Down Hosts 18 [ 381 follows:"
403,407,"job TELNET Job 1972) 407 REMOTE FTP 16, <job-id> RJE"
404,408,[ NWG/RFC 408 Buzz Owen (SAAC-TIP) NIC #12390 Jon Postel
405,409,TENEX CR UCSB SMFS 409 1972 FILE SIMPLE-MINDED SYSTEM December
406,410,Host [ network Hosts 30 delay 30-second message worst-case 2
407,411,Multics Network [ Group M Padlipsky Request Comments #411 MIT-MULTICS
408,412,FTP file) name> file> file !copy IMAGE User command <remote
409,413,LINC DAILY TOTAL Network Group Request Comments: NIC: 12405 13
410,414,"TELNET FTP ""LIST"" 414 1972 server ""STAT"" ""MLFL"" Wayne Bhushan"
411,415,TENEX Murray CPU November BYTES/SIZE 50/36 16% 100/36 200/36 400/36
412,416,FOR ARC November PST) XCORE [ Bryant SYSTEM WILL BE
413,417,Network Group Jonathan Postel Request Comments: 417 Chuck S Kline
414,419,Network Vezza Group Request Comments: 419 MIT-MAC NIC: 12763 12
415,420,0 STR(4) (1) Murray 9 January 1973 283 420 Weather
416,421,NETWORK [ TIP NIC Liaisons WORKING GROUP Alexander McKenzie(BBN) Request
417,422,-------- 21 LINC McKenzie December Traffic Statistics (November DAILY TOTAL
418,423,Network ARPA NETWORK (213) [ User CCN Services Operations problems
419,424,424
420,425,network Network Group Bob Bressler (BBN) Request Comments: 425 Dec
421,426,RRQ H2 H1 H3 +---+ TELNET ROK |____| RDO X
422,427,427
423,428,428
424,429,Generator Network NIC process [ ARPA Information Center Stanford Research
425,430,|///////| FTP +-------++-------+-------+-------++-------+-------+-------++ ||///////|///////| ||///////|///////|///////|| 1973 COMMENTS PROTOCOL 430 FILE
426,431,number> SMFS <account LGI LGO <user name> Login 8 Update
427,432,December Network 1972 Neigus Group N Request Comment: 432 BBN-NET
428,433,SYSTAT File CPYNET DATE-TIME 5 Telnet Transfer @ Echo 9
429,434,[ TIP (1/16) (1/24) (2/22) 1973 McKenzie 434 January IMP/TIP
430,435,ECHO NO TELNET INPUT 1973 435 January 5 YOU --
431,436,[ UCSB RJS Krilanovich 'ACCT' Network Group Mark #436 NIC
432,437,<CA> DRS UCSB 437 1973 RECONFIGURATION SERVICE June list>|<CA>) Network
433,438,FTP socket LSTN 255 SOCK server command RSEXEC CRLF 438
434,439,*I What I PARRY DOCTOR Cerf comment: 439 January 1973
435,440,"[ Network 381, Walden 7am Group David C #440 BBN-NET"
436,441,+-|-+ ack: byte 1973 441 January 2 XWD Bressler U
437,442,0 ACK packet POE SOE IMPSYS ROE January 1973 Flow-Control
438,443,-------- 25 LINC DAILY TOTAL [ McKenzie NO January Traffic
439,444,444
440,445,[0830-1130] [1130-1430] [0930-1230] [ McKenzie Tuesday Wednesday Thursday [1030-1330] IMP/TIP
441,446,[ Deutsch NIC major 446 1973 Group L Peter SRI
442,447,[ McKenzie TIP 1973 January IMP/TIP (2/22) 434 Schedule CCA
443,448,"RJE FTP VFC 454 1973 [ Braden ""print 448 FILES"
444,449,[ IMPSYS Vint's described Walden Hosts Network Group Dave 449
445,450,[ Network Group M Request Comments 450 MIT-MULTICS NIC 14134
446,451,Network FTP Server Generic 451 1973 [ ICP I So
447,452,CTL ASCII TELNET EBCDIC PDP-10 Winett 1973 452 February Figure
448,453,"Kudlick Mail Network 1973 (IJOURNAL, 453 [ Journal NIC Meeting"
449,454,CRLF ASCII 8 TELNET ::= McKenzie July 1972 FTP 454
450,455,------- 31 ------ 2 LINC 0 BBN McKenzie DAILY NODE
451,456,"[ Kudlick SRI-ARC 1973 Group 456 NIC 14376 13, Updates:"
452,457,TIP [ User's Network Dave #457 BBN-NET NIC #14377 February
453,458,"FTP MAIL text 458 1973 ""NO NOW"" Bressler, 20 RDML"
454,459,[ Network Kantrowitz meta-work It ARPA Group W RFC: 459
455,460,---- NCP size Kline Imp 460 1973 Survey February (explain)
456,461,[ McKenzie TELNET Protocol 318 BBN Network Group 461 BBN-NET
457,462,"[ NIC's User 462 1973 Group February D Responding RFC,"
458,463,FTP 430 GSOC Item NIC 463 1973 TYPE [ I
459,464,"NIC [ Kudlick SRI-ARC John Framework We 1973 ""resource notebook"""
460,465,465
461,466,ASCII EBCDIC HEX LOGGER/SERVER TELNET LL-67 Host 466 February 1973
462,467,NCP RCS Burchfiel 2) When 1) 467 1973 February 8
463,468,HASP FTP Network CPU +--------+ 468 1973 IBM Data job
464,469,14798 NIC SRI-ARC 8-MAR-73 MDK 17:24 TYPE TEXT recipient's Network
465,470,Socket [ TIP Network Group Bob Request Comments: #470 TENEX
466,471,[ ARPANET Workshop TIP TENEX Executive BBN BBN-TENEX 1973 Host
467,472,[ Bunch IMLAC We 472 1973 Maxwell's UNDO standardization work
468,473,Group D Walden Request Comments: 473 BBN-NET NIC: 14811 28
469,474,Network Graphics Group [ meeting Steve NIC #14905 RFC#: 474
470,475,FTP NIC MAIL mailbox SYSTEM NETWORK network Host 475 1973
471,476,[ McKenzie TIP 1973 IMP/TIP #447 follows: 476 2) Network
472,477,<jobid> job <CA> 1973 477 UCSB Krilanovich RJS 23 May
473,478,+------+ USER SERVER SOCK A->B BBN __________________ SKT- PASV 478
474,479,NIC Journal FTP 479 1973 -- White acknowledgment delivery text
475,480,[ FTP (and SRI-ARC's <program> <parameters> Network Group James E
476,481,481
477,482,26 -------- 2 0 LINC McKenzie 482 12 March Traffic
478,483,"[ 1973 Network Group 483 SRI-ARC NIC 15061 14, Meeting"
479,484,484
480,485,[ UCSB MIX Pickens 1973 MIXAL I March Network Group
481,486,"RJE (eg, [ BBN March job 1973 Data Bressler execution"
482,487,[ BBN FTP I 1973 CPU TENEX Bressler require If
483,488,NLS Network SRI-ARC [ Auerbach We 2 Data 488 1973
484,489,"[ 5 4 Zero procedure Burchfiel ""reset 2 6 ""open"""
485,490,UCLA-CCN RJS jobs Pickens UCSB 490 1973 EXEC job SURROGATE
486,491,"USER MAIL FTP NETML explicit Network 491 1973 What 475,"
487,492,NCP 467 492 1973 RESPONSE 18 TO Meyer 8 When
488,493,::= stt> /_ <x <y delta> 0 GRAPHICS 493 coordinate>
489,494,MIX Network [ MIXAL Walden 485 UCSD Ken available network
490,495,TELNET NVT NIC Protocol Bob 1973 McKenzie 495 [ Dave
491,496,"[ TNLS Network Group 496 NIC 15496 April 5, 1973"
492,497,LINC DAILY TOTAL [ McKenzie BBN 497 April Traffic Statistics
493,498,CCN MAIL BRADEN <userid> SNDMSG 1973 SERVICE CCN's [ __
494,499,job RJE RJS Queue SYSOUT 499 1973 HARVARD'S NETWORK Active
495,500,"500, ""Integration data management systems computer network"", April 1973 Editor"
496,501,Network Server File Transfer Un-Muddling 501 1973 Bob user's May
497,502,502
498,503,Telnet Transfer File Echo @ CPYNET SYSTAT 13 DATE-TIME NETRJS
499,504,1973 NIC 504 BBN workshop What sharing Workshop Thomas LISP
500,505,FTP Padlipsky (*) NETML 25 June 1973 I POOL 505
501,506,"[ -- (1) Server Padlipsky STOR, they're Network Group MA"
502,507,507
503,508,+-----+-------+-------+-------+-------+-------+-------+-------+-------+ Network SEL 508 UCSB 1973 ms| IBM Real-Time 360
504,509,28 0 2 ------- McKenzie BBN ------ 509 May Traffic
505,510,Network White Journal FTP NIC delivery NLS Request 510 30
506,511,Enterprise [ 0740 Zenith 9-0740 Network NIC (415) 329-0740 1-0740
507,512,SCB [ Hathaway I 1973 MORE ON LOST MESSAGE DETECTION
508,513,TELNET Hathaway DM I On 513 1973 COMMENTS NEW SPECIFICATIONS
509,514,THE NETWORK OF Kantrowitz Network 5 June DOCUMENTATION IS AVAILABLE
510,515,::= ! <special1> LIST ; Version +-----+ 0/9 STR STRUCT
511,516,[ scheme: 516 1973 MESSAGE DETECTION received LOST (this (modulo
512,517,517
513,518,"Accounts: Address: experimental ARPANET ACCOUNTS California Vaughan, (617) Contact: -Have"
514,519,network APL 1973 Evaluation Pickens 519 UCSB June ARPANET MINIMAN
515,520,CRLF number> <byte 1973 Day June FAP Protocol FTP: file
516,521,"McKenzie NCC [ We BBN 1973 Use DDT Restricted ""view"""
517,522,0 HAD LINC DAILY NODE TOTAL SDAC FNWC NO TRAFFIC
518,523,Bhushan [ MIT-DMCG Abhay June SURVEY Operation We survey NIC
519,524,::= <CA> Mail 1973 524 13 Delivery June White Protocol
520,525,MATHLAB MIT-MATHLAB (+) June 1973 UCSB 525 DISPLAY OLS X
521,526,Image Software Processing California 1973 Meeting Los [ Southern Center
522,527,"And Beware Did USER-SERVER RJE When FTP, ARPANET, He Network"
523,528,Host McQuillan 20 June 528 SOFTWARE CHECKSUMMING THE 1973 checksum
524,529,"TELNET SYNCH sequence band"" FTP 529 June 1973 Protocol 29"
525,531,Resource [ Network Notebook I Padlipsky 1973 famine? Hosts --
526,532,B6700 ALLO Server-FTP We UCSD-CC 532 July 1973 BYE rejected
527,533,[ uniquely BBN IMP/Host Report extra 1822 Network Group David
528,534,Walden extra 534 17 July 1973 Lost Detection 512 [
529,535,OPEN size FOO FAP MH SETP TENEX July 1973 512
530,536,536
531,537,"NGG Bunch Ozark [ July Network 537 1973 meeting-JULY Urbana,"
532,538,30 0 LINC HAD NO NODE TOTAL HARV 90 SDAC
533,539,524 Mail RJE [ (UCLA-NMC) July 1973 Protocol like mail
534,540,540
535,541,541
536,542,"<CRLF> TELNET ! FTP 1973) 17759 542 size <SP> 12,"
537,543,<CR> [*] Journal Network FTP NLS SRI-ARC TENEX 543 1973
538,544,[ SRI-ARC <USERGUIDES>ARCLOCATOR Network (SRI-ARC) Kelley Group Dean 544 Kirk
539,545,UCSB We Resource 545 23 1973 OF WHAT QUALITY THE
540,546,1973 I ISI TENEX Averages EDT July 10 Load CPU
541,547,BIT PACKET HELLO CHANNEL I-HEARD-YOU SPECIAL Host 547 1973 Very
542,548,[ Host Network BBN Group D 548 BBN-NET NIC 17794
543,549,Network July 549 15-17 1973 Graphics NGP-0 It Ken Jim
544,550,NIC [ NCP NCPs Deutsch 1973 EXPERIMENT 95% 550 Network
545,551,< > (STOR/RETR) job (CDC New Network York Institute RJESTAT
546,552,[ Owen (?) could Network Group Buz 552 SDAC-TIP NIC
547,553,"553 July 1973 text/graphics 14 ICP display Errors: Irby, Draft"
548,554,554
549,555,<CA> -- Discussion: (DHC JBP References: 539 White Protocol <individual>
550,556,0 2 31 -------- LINC HAD NO TRAFFIC ------- 1973
551,557,RJS Wessler 1973 BBN REVELATIONS NETWORK MEASUREMENTS Don [ 392
552,558,558
553,559,TELNET GA GA's We 1973 server Bushan new ECHO 559
554,560,Break RCTE text <cmd> 560 1973 TELNET P: 0 U:
555,561,::= <SP> 18516 ! 561 <CRLF> <subjectitem> Headers <keyword> <line>
556,562,TELNET #513) McKenzie 28 1973 NIC 10 (see Specification 562
557,563,<space> <cr> RCTE P: TELNET TENEX S: Davidson T: 1973
558,564,564
559,565,"RESPONDING LOGGER (UP) NOT SURVEY Network SURRET ""OK"" 10-08-73 28"
560,566,2 0 LINC HAD DAILY NODE TOTAL ILL SDAC XEROX
561,567,"(1 network TIP West Coast, Host RFNM ALLocate Network Group"
562,568,[ Host NIC This 567 Deutsch network Network bits Hosts
563,569,-- NETED request Network SPEC If I Multics s1 4
564,570,This available PS PDF format Pickens 1]
565,571,FTP [ Tenex Network Braden LF Group Robert T Request
566,572,572
567,573,U 73/08/15 73/08/29 STOR 36 CALICO 8 2 198 AND
568,574,[ UCSB Network Krilanovich Group M Request Comments: 574 NIC:
569,575,575
570,576,LINKS RECEIVE (or REFUSE B) conversation C 576 1973 TENEX
571,577,Mail Deliver [ I 577 October 1973 This user's urgency
572,578,; MUDDLE MACSYMA X <+ 578 1973 MIT-MATHLAB <* ++
573,579,30 -------- 0 2 McKenzie 1973 579 Traffic Statistics LINC
574,580,JBP NWG/RFC# 580 25-OCT-73 06:00 19849 designers Hereafter proposed protocols
575,581,Break Using Serving RCTE text IAC <cmd> 1973 Postel November
576,582,[ 1973 580 NLS Clements text (or Network Group R
577,583,583
578,584,Network [ 1973 Group ARPANET 584 20049 6 USING working
579,585,"Network Group Users USING 1973 585 Crocker, Meeting November NIC"
580,586,-------- 0 2 31 HAD LINC DAILY TOTAL ILL SDAC
581,587,Dave (UCLA-NMC) Network Group Jon Request Comments: 587 MITRE November
582,588,TYPE TO THE PDP-9 360/195 360 COMMANDS SYSTEM 8 2
583,589,"NETRJS -device- CCN #20268 FOR message: TRANSFER BAD text, 7"
584,590,"MIT-Multics 1973 desirable; [ Network Multics 6, Group M Request"
585,591,Host Very Distant page Network Group D Request Comments: #591
586,592,NLS network 592 1973 HELP Watson Journal Tenex Design Resource
587,593,"Schedule FTP socket McKenzie (RFC 74 23 before), Network Group"
588,594,System RFNM Get December LocalByte 100 594 1973 TENEX CPU
589,595,TELNET GA LAAT I Hathaway 1973 595 Defense TENEX In
590,596,GA I 596 1973 Telnet Go-Ahead December Network Second half-duplex
591,597,User Server PDP-10 TENEX TIP IBM PDP-11/45 ANTS (VDH)-> 1/74
592,599,"NETRJS NIC Braden ASCII-68 20854, 599: ASCII-63 Update PDP-10 job"
593,600,PLATO Network System 600 1973 IV Berggreen ARPANET ASCII 8-bit
594,601,-------- 2 30 0 LINC ILL DAILY TOTAL NO BELV
595,602,Network TIP Arpa Group Bob Metcalfe (PARC-MAXC) Request Comments: 602
596,603,[ 1973 Washington Burchfiel Network Group JD 603 BBN-TENEX NIC
597,604,NIC Switching Protocol Internetworking Message Reserved December 155-158 72-154 [
598,605,605
599,606,::= I <data-part> network <end-of-line> TENEX <entry> For FTP <host-name-file>
600,607,"SOLUTION: FTP reply multi-line ""PASSWORD NOW server unique major maximum"
601,608,Host ::= ASCII Kudlick 608 1974 RFC# <data-part> We NIC
602,609,[ Upcoming NIC/NLS TYMSHARE 609 Bill Ferguson 21339 SRI-ARC Jan
603,610,"|_____________| _____________ DESCRIPTION 1973 610 VALUE Datalanguage Greiff NAME Winter,"
604,611,Host Dead BBN network IMP/Host message 17-28 1974 Walden February
605,612,0 -------- 31 2 LINC ILL DAILY TOTAL NO BELV
606,613,[ McKenzie adjacent Network four-connected #603 ARPA Alex Group 613
607,614,FTP We Server ACTV 607 Directory If user-FTP reply MAIL
608,615,::= <L-delim> syntax object <name> Network standardized NETWORK DIRECTORY |)
609,616,"616 ""ARPA January 1974"" [ Network Group D BBN-NET NIC"
610,617,FTP n+6 job Telnet NIC n+7 socket NCP (RFC 24
611,618,0 NCP 2 4 I TTY25 74 messages: 506A-18 31-Jan-74
612,619,40 ISI 22 SRI NCCT BBN HARV 02 619 1974
613,620,Request OFFICE-1 1974 NIC 53 nickname Network SRI-ARC Group Bill
614,621,[ THAT TO Kudlick MAIL SRI-ARC Group Michael D 621
615,622,(Bob McKenzie 622 1974 [ IMP/TIP John Network Scheduling Down
616,623,[ Krilanovich ASCII NIC 623 UCSB 1974 On-Line Host one-byte
617,624,"SOLUTION: FTP NOW reply TELNET ""USER"" (UCSB) ""PASSWORD multi-line ""300"
618,625,[ (SRI-ARC) We NIC FTP Kudlick 623 Hostnames Network Group
619,626,0 24 8-packet reassembly D 8 -> single-packet 16 message
620,627,[ Feinler (SRI-ARC) Jake ASCII <NETINFO>HOSTSTXT Kudlick RFCs Group Mike
621,628,[ Network Group Marcia L Keeney 628 SRI-ARC 22361 March
622,629,<CR> [*] <SP> FTP <ALT> Network QUO [#] SNDMSG NIC
623,630,FTP TENEX MLFL [ 630 1974 DEFINITIONS 453 Usage 451
624,631,-- Liege [ 1974 631 Universite requested Danthine Mini-Computers 1975
625,632,MSG(i+1) MSG(i+4) single-packet MSG(i+2) MSG(i+3) Opderbeck RFNM(i+1) ALL(i+1) 1974 DEST-IMP
626,633,[0830-1130] [1130-1430] McKenzie Second Fourth IMP/TIP [0930-1230] [ 633 1974
627,634,[ (IMP McKenzie Haskins Alex May Laboratory BBN Group 634
628,635,2 ARPANET Host 635 1974 8 4 Host/Host 5 Assessment
629,636,! TENEX Host TIP 8 TIP/TENEX 30490 636 NWG/RFC# JDB
630,637,"[ McKenzie Host Alex 2, Network Group 637 BBN-NET NIC"
631,638,[0830-1130] [1130-1430] [1200-1500] McKenzie [1300-1600] Second [ 638 April 1974
632,639,639
633,640,"+---+ ! 500, 501, reply FTP 530 421, NWG/RFC# JBP"
634,641,641
635,642,"Error READY bit"" Wait 642 BBN July 1974 queue 1/2"
636,643,"_______ CAN'T PDP-11 _________ DEBUG (Process, breakpoint given Op-Code __"
637,644,We receiving TENEX authorized FTP mail ICP sending network Mail
638,645,::= 645 1974 Network syntax <data> June Syntax Specification Standard
639,646,646
640,647,Host ARPANET H-FP FE 647 1974 -- INDEX Padlipsky Host's
641,648,648
642,649,649
643,650,650
644,651,IAC SB STATUS WILL DO SE requests SEND 651 NAOL
645,652,"NAOCRD IAC party 8-bit receiver Command Telnet SB carriage-returns, data"
646,653,horizontal 8-bit <8-bit value> NAOHTS IAC party receiver Command DON'T
647,654,horizontal NAOHTD IAC party Command 8-bit receiver TELNET OUTPUT HORIZONTAL
648,655,NAOFFD IAC party 8-bit receiver Command SB TELNET OUTPUT FORMFEED
649,656,8-bit NAOVTS <8-bit value> IAC party vertical Command DON'T receiver
650,657,NAOVTD IAC party Command vertical 8-bit receiver DON'T SB DR
651,658,NAOLFD IAC Command 8-bit party receiver SB simplex DON'T DS
652,659,Options Request 651 Option Network Group J Postel Comments: 659
653,660,Host/Host sequences THE Hosts Network message BBN Report Because number
654,661,1974 Documents: developments: Schedule: People: (POSTEL@SRI-ARC) NIC Contact: November [SRI-ARC]
655,662,Multics DIM size Project Network approximately CISL network ARPANET 234-0A
656,663,I MSN LRN sequence R LMR messages ECLS CLS2 message
657,664,664
658,665,665
659,666,UULP 1974 666 Server User-Level Padlipsky November Protocol X Unified
660,667,__________________ |__________________| |____________| SYSTEM |________ |________| PDP-10 |________\ |_____| [
661,668,668
662,669,"X Old I1,3,6; O3 New New-Protocol I1,3; #"") ? ["
663,670,670
664,671,Schantz 671 1974 Telnet request December TENEX RFCs sequence network
665,672,"TIP ""go ACTSER sequence ahead"" acknowledgement number If (ie network"
666,673,673
667,674,"PCP Pathname: 11-DEC-74 674 31484 674; NWG/RFC# ""The NSW Package"""
668,675,TCP ' packet 1974 TCB 675 0 December bits: Dalal
669,676,676
670,677,DBMP XYZ Johnson 677 1975 January DBMPs C Each We
671,678,"Standard page Overstriking Width <CR>, 60 Moves Format physical <LF>"
672,679,"Old X I1,3,6; O3 New I1,3; 1975 New-Protocol Host #"")"
673,680,"::= ! message This 680 item> field FIELDS 'FROM', (<>)"
674,681,NETWORK UNIX 32157 681 NWG/RFC# 14-MAY-75 14:38 3/18/75 Holmgren );
675,682,682
676,683,TENEX TYPE FTP I Word MODE FDB NDW page words
677,684,PCP network In COMMENTARY PROCEDURE CALLING distributed We TENEX Our
678,685,PER network BBN PDP-10 ACTIVE subject program SRI AVG are:
679,686,I FTP-2 --> FTP-1 686 1975 640 1xx Well Harvey
680,687,"NOP message host IMP/host (eg, Host expanded This Change Expanded"
681,688,[ TELNET 1975 -- Walden TIP Network Group David C
682,689,CLS TENEX socket CLOSF RFNM program FREE CLSW OPND TIME
683,690,This NOP message Change Host 690 1975 Host/IMP host June
684,691,I SRVR FTP-2 NWG/RFC# 6-JUN-75 FTP 691 BH 23:15 32700
685,692,[ Host 687 Wolfe 104 June 1975 network 692 8
686,693,693
687,694,"(POSTEL@BBNB) 694 Documents: 1975 NIC Postel [Office-1] Schedule: 18, developments:"
688,695,Official Host-Host ERR Change zeros NWG/RFC# 695 MCK 5-JUL-75 15:38
689,696,bits; IMP/HOST HOST/IMP [ NCP July 1975 ADDRESS 16 packet
690,697,FTP [ CWD If Lieb 697 July 1975 job (Change
691,698,"(hidden ASCII EXTEND-ASCII OPTION command extended NVT horseshoe) 698, (July"
692,699,74 Network McKenzie Vernon Oct 1982 November TENEX ARPANET RFCs
693,700,sequence LEFT RIGHT receiver FRST HUH message size messages network
694,701,"X 03 ? I1,3,6; I1,3; OLD THE #"") 1974 NEW"
695,702,"X 3; OLD 6; 18% #"") I1, O3 Dodds 1974"
696,703,"Old X I1,3,6; O3 I1,3; joined ? New New-Protocol Host"
697,704,NOP host/IMP 16-bit message Host host IMP/host expanded Change Expanded
698,705,***WORKING DOCUMENT*** ! Host 705 PATH Front-End FE index network
699,706,"Network network Host/IMP ""refuse X"" (per Host Group Jon Postel"
700,707,High-Level NWG/RFC# 19:51 34263 14-JAN-76 Network-Based JEW 707 76 Framework
701,708,INDEX 708 -> James Group Comments: Network White LIST CHARSTR
702,709,709
703,710,710
704,711,711
705,712,capability Capability requestor > 1976 712 DCCS February network ;
706,713,object <--> b-REPEAT p-STRUC b-CHAR7 b-STRUC Object: 0| -- For
707,714,! Host 8 sequence Host/Host McKenzie ARPANET-type RST CLS 714
708,715,715
709,716,"Host RTP BBN 1822 packet zero, Appendix may Very On"
710,717,Header Destination KID Data information Network (8) (24) NWG/RFC# JBP
711,718,TELNET RCTE TENEX wakeup Tenex buffer Network Group Jon Postel
712,719,"""WILL RCTE RCTE"" I Postel (SRI-ARC) Synch-data ""DO 15-Jul-76 Jon"
713,720,L-Bracket R-Bracket Individual-List {An Name Address-List Individual Mailbox Group-List Group-Name
714,721,<= sequence 36636 Out-of-Band 721 76 NWG/RFC SEP LLG packet
715,722,[Reference request 1/ 2/ request-reply synchronization In 3/ ARPANET 1976
716,723,723
717,724,"::= "":"" ASCII Network ARPANET Jones TELNET syntax George <phrase>"
718,725,RJE ! job +--------+ 38316 NWG/RFC# 25-APR-77 725 GRG DAY
719,726,break RCTE NWG/RFC# 8-MAR-77 39237 JBP 08:29 726 DHC Option
720,727,IAC LOGOUT user 727 40025 process DON'T NWG/RFC# MRC 26-APR-77
721,728,sequence Telnet following Network Group John Day Request Comments: 728
722,729,IAC <macro byte> <expansion BM <DEFINE> string> WILL #729 BM)
723,730,::= Network Extensible <fields> <field> 730 20 Field May network
724,731,"IAC DET subcommand SB John code: 40652 June 27,1977 SE"
725,732,IAC DET subcommand SB John TRANSMIT 41762 NWG/RFC# DAY 13-Sep-77
726,733,"; "":"" Messages ASCII Jones Network Text ARPANET Format TELNET"
727,734,SUPDUP 41953 ASCII NWG/RFC# 08:46 734 07-OCT-77 MRC 7-bit 12-bit
728,735,IAC byte> <macro BM <DEFINE> <replacement 735 77 42083 string>
729,736,SUPDUP IAC 736 42213 TELNET Mark display WILL NWG/RFC# MRC
730,737,XSEM 737 31 42217 FTP 009 message -- XSEN SEND
731,738,42218 738 Server U: 32-bit 0000 January 1900 S: time
732,739,Assigned Network Numbers NWG/RFC# JBP NIC Nov ASSIGNED Reserved 42341
733,740,NETRJS job VRBT 740 42423 Protocol 22 Braden 77 EBCDIC
734,741,NWG/RFC Network (NVP) 741 Voice 42444 77 R(J) Protocol DC
735,742,KLH EXEC 42758 NWG/RFC# 08:31 Site: Command 30-Dec-77 line: 742
736,743,XRSQ U: FTP XRCP MAIL/MLFL 743 S: NWG/RFC# KLH 30-Dec-77
737,744,; 42857 744 NWG/RFC 21:59 MARS JS5 8-Jan-78 FROM: Retrieval
738,745,JANUS 1822 Report 43649 Requirement: NWG/RFC# MDB2 30-MAR-78 745 Discussion:
739,746,<p> SUPDUP objects 746 43976 NWG/RFC# 17-MAR-78 Extension RMS Graphics
740,747,SUPDUP OSPEED 734 TTYOPT 44015 746 SMARTS ISPEED graphics Extensions
741,748,IAC RANDOMLY-LOSE 748 44125 randomly user server NWG/RFC# 1-APR-78 REQUESTS
742,749,SUPDUP-OUTPUT IAC TELNET 45499 Greenberg user NWG/RFC BSG 26-Sep-78 WON'T
743,750,Network Assigned NWG/RFC Numbers 18:30 26-Sep-78 NIC 45500 JBP Octal
744,751,450 User Recognized Unknown mailbox FZORKNESS MLFL 507 451 FTP
745,752,; NET Universal NWG/RFC# 752 2-Jan-79 01:22 network Mark CHAOS
746,753,"! LIST( LIST 1979 ), MPM Message message TEXT Protocol"
747,754,ARPANET FTP FWDR 754 1979 6 Outside: Host Out-of-Net From:
748,755,Network Numbers May Octal Assigned NIC Reserved References ASSIGNED IEN
749,756,Server Name NIC July SRI ~ query 1979 Arpanet J
750,757,ID 1979 network 757 TIP September delivery Login 753 MPM
751,758,Network Numbers August Octal Assigned NIC 758 USC/Information Reserved Unassigned
752,759,"ENDLIST PROPLIST: NAME:""MPM"", NAME:""IA"", 1980 +-----+ MPM August Message NAME:"
753,760,January 1980 Protocol 0 Internet 4 5 datagram 2 8
754,761,"TCP sequence January 1980 STATE If ESTABLISHED SYN ""error: Functional"
755,762,Network Numbers January UCL 1980 NIC Assigned Reserved USC/Information August
756,763,NBS May 80 Network Group Request Comments: 763 ROLE MAILBOXES
757,764,"TELNET NVT 148 June 1980 764, XXX Protocol IEN Postel"
758,765,+---+ 765 1980 149 June <CRLF> TELNET FTP IEN MRSQ
759,766,Protocol Level Handbook Datagram Gateway RFCs IENs 766 Server Network
760,767,:= proplist:( 1980 )endlist Multi-Media structure> August Format Documents Structured
761,768,"+--------+--------+--------+--------+ 1980 zero USC/Information January checksum UDP J, one's Datagram"
762,769,Rapicom 450 DATA +--------+--------+--------+--------+---//---+--------+--------+ represents organizations In synchronization sequence block
763,770,"Network Numbers September 1980 UCL Assigned NIC USC/Information Protocol,"" Reserved"
764,771,"NCP 1980 TCP USC/Information ARPANET mailbox September J, Mail 771"
765,772,+---+ MRSQ <CRLF> 772 1980 MAIL sender-MTP MTP September reply
766,773,"NCP/TCP 1980 ARPANET mailbox ""host"" 773 NCP October Mail Service"
767,774,Protocol 774 Level Gateway Handbook Obsoletes: Message Server Mail RFCs
768,775,FTP XMKD XCWD 257 /usr/dm (450) 506 (502) (451) NIC
769,776,[JBP] Network Unassigned Numbers UCL BBN January [PLH] Reserved [VGC]
770,777,0 2 5 8 9 64 6 4 datagram's 1981
771,778,DCNET ICS 2 5 0 BLKW 4 COMSAT-WWV COMSAT-GAT Clock
772,779,SEND-LOCATION user's IAC Killian TELNET location 779 1981 REQUESTS <location>
773,780,MAIL 780 Sluizer +---+ 1981 <CRLF> MRSQ ::= S: reply
774,781,"ID IP next (ie, 80] Techniques number option [Cerf 78]"
775,782,"virtual Virtual ____ ~ workstation (eg, display +-----+ In terminal"
776,783,2 packet TFTP 0 request ACK bytes DATA TID Datagram
777,784,+----+ +-----+ MTP +------+ |-+ mail NCP v Sluizer TOPS20
778,785,+--------------------------------------------------+ +------------------------+ <CRLF> 1981 Sluizer 785 July text TOPS20 <TO-path>
779,786,<CR><LF> NIMAIL TOPS20 MTP Network arrives Sluizer 786 July 1981
780,787,Reference: Source: Date: Model Data OSI Connectionless Layer Reference 100
781,788,S: R: 250 OK 1981 ::= 788 November +---+ Mail
782,789,sequence 789 Beranek Newman Bolt IMPs LATER Eric Rosen C
783,790,[JBP] Network Unassigned Numbers Reserved September BBN UCL [PLH] MIT
784,791,0 1981 September Protocol Internet 4 5 2 8 network
785,792,0 5 2 8 ICMP 4 1981 9 792 September
786,793,TCP sequence 1981 STATE If ESTABLISHED September Functional SYN ACK
787,794,FTP LISTEN TCP Host X packet request 1981 AUTODIN realized
788,795,"0 M I/A Q/R 1981 Service 795 (""Type Size DELAY"
789,796,8 +--------+--------+--------+--------+ 0 5 (Class 16 24 A) ZERO network
790,797,"---------------------------------------------------------- y-increment 4 x-increment Katz 10 For Express mode, length"
791,798,377 125 0 376 177 367 block Katz 344 DECODING
792,799,COMSAT MRCP PAGE RFC-780 In Domains 2 mailbox RFC-733 INTELPOST
793,800,version; TELNET Vernon Option TOPS20 Network Protocol 81 1982 Postel
794,801,1981 RELAY Host 801 NCP-only FTP |<-------->| SMTP November TCP
795,802,1822L G 802 Andrew Host ARPANET 1822 message Bits +----------------------------------+
796,803,Dacom 450/500 450 \-----------' PAGE Data Facsimile X 0 2
797,804,12 8 9 13 6 T4 Recommendation CCITT 5 PAGE
798,805,Postel 1982 By: Due: mailbox (617) Jon ISI (415) Computer
799,806,0 Length (OPTIONAL) 16 8 message Qualifier This CBMS Message
800,807,NBS (213) 1982 By: Mail Due: SRI (617) (01)387-7050 Postel
801,808,"BBN TOPS-20 Mail 1982 NSW TENEX 808 Postel TENEX, MIT-MC,-AI,-ML"
802,809,/* */ #define ! UCL INDRA task Note 1185 SYSTEM
803,810,::= : 1982 Protocol Host <NETINFO>HOSTSTXT March 810 Table Network
804,811,: <CRLF> 100073 1982 example: FOONLY-F3 TENEX follows) ;where Keys:
805,812,"NICNAME/WHOIS Dyer, [looks (315) (MARY) DYER@SRI-NIC (415) 859-4775 ARPANET NICNAME"
806,813,"SWS acknowledgement However, In TCP CPU 50 200 receiver size"
807,814,"IP TCP However, ICMP packet size UDP network In When"
808,815,We existing reassembly IP fragment If datagram buffer equal In
809,816,"TCP ICMP gateway In SMTP network 4 Unreachable 2 First,"
810,817,"TCP In It IP This packet However, One Since If"
811,818,TC68K TC-Telnet network User BBN Remote 818 1982 Network November
812,819,::= 1982; 819 Internet Postel naming Su ARPANET August For
813,820,[JBP] Unassigned Network Numbers January BBN Reserved R 820 1983
814,821,S: R: 250 ::= OK 1982 821 August +---+ Mail
815,822,"; "":"" #822 1982 13, ARPA Messages Text August may"
816,823,Gateway DARPA 823 network 1982 gateway Internet September 0 Sequence
817,824,VLN Ethernet DOS-26 824 Network Rev Cronus network Local DARPA
818,825,ARPA Each 825 November 1982 RFCs This Internet Request Requests
819,826,Ethernet 48bit packet 10Mbit address> request For Resolution protocol <protocol
820,827,! 0 827 network EGP NR Beranek Bolt C gateway
821,828,WG TC 1982 subject 828 6 IFIP August 64 working
822,829,"Packet AFIPS November Vol Proceedings, Satellite 1982 packet pp Hawaii"
823,830,Length DNS 6 2 0 1982 830 Name October service
824,831,|____| 831 SATNET H IP 1982 (_____________) UCL December Request
825,832,accepted accepted+ ---- -tfs refused +-----------+-------------+---------+------+------------+ T--- -tf- l -t--
826,833,accepted ---- accepted+ -tfs refused T--- -tf- +-----------+-------------+---------+------+------------+ -t-- 6
827,834,accepted accepted+ refused ---- -tfs l u b +-----------+-------------+---------+------+------------+ T---
828,835,accepted refused accepted+ ---- -tfs l u b +-----------+-------------+---------+------+------------+ T---
829,836,accepted accepted+ refused ---- -tfs +-----------+-------------+---------+------+------------+ T--- -tf- c -t--
830,837,accepted accepted+ ---- refused -tfs +-----------+-------------+---------+------+------------+ T--- c -tf- -t--
831,838,accepted accepted+ ---- refused -tfs +-----------+-------------+---------+------+------------+ T--- 4 c -tf-
832,839,accepted accepted+ ---- refused -tfs +-----------+-------------+---------+------+------------+ T--- c -tf- -t--
833,840,Protocol STATUS: SPECIFICATION: COMMENTS: REFERENCES: OTHER CONTACT: DEPENDENCIES: Postel@USC-ISIF 840
834,841,0 Length 8 (OPTIONAL) 16 CBMS message +--------+--------+--------+--------+--------+ This Qualifier
835,842,accepted accepted+ -tfs ---- refused c -tf- +-----------+-------------+---------+------+------------+ T--- -t--
836,843,accepted accepted+ -tfs ---- refused c -tf- +-----------+-------------+---------+------+------------+ T--- 2
837,844,OK response ---- unreachable February TELNET ------ csnet-sh -- Network
838,845,accepted accepted+ -tfs ---- refused c -tf- +-----------+-------------+---------+------+------------+ T--- -t--
839,846,accepted accepted+ -tfs refused ---- +-----------+-------------+---------+------+------------+ c -tf- 4 tcp/ftp
840,847,82 83 Dec Jan 314 323 Feb 315 22 25
841,848,128401 128403 128405 dcn6 128406 1285014 1285013 128501 128502 128503
842,849,NIC's NIC SRI-NIC (1) (2) requires This Tenex Network Group
843,850,"USENET ARPANET ID message This From: 2/13/83; 210 From However,"
844,851,1822L Host 1983 851 Access April Bits ARPANET Protocol message
845,852,ARPANET Short Blocking Feature 1983 852 April Host C/30 1822L
846,853,853
847,854,TELNET NVT 854 1983 XXX Reynolds May Postel request user's
848,855,ABC IAC TELNET Postel 855 1983 Section (or Reynolds J
849,856,TRANSMIT-BINARY TELNET IAC WON'T NVT binary 856 1983 DON'T J
850,857,ECHO TELNET <---------------- ----------------> 2 UHOST WON'T Process WILL Reynolds
851,858,duplex TELNET SUPPRESS-GO-AHEAD IAC J option 858 1983 WON'T sender
852,859,IAC STATUS SB TELNET WILL DO Reynolds SEND SE 859
853,860,TIMING-MARK WILL mark DO 860 1983 Postel TELNET WON'T command
854,861,"IAC SB ""Extended List"" negotiating, EXOPL J Reynolds Options begin"
855,862,UDP TCP Echo back ARPA Internet Based Service This Network
856,863,UDP TCP Discard This ARPA Internet Based Service away 9
857,864,service Character Generator Network Group J Request Comments: ISI specifies
858,865,UDP TCP Quote quote ARPA Based Service 17 Day Internet
859,866,UDP TCP active Users ARPA Based datagram currently Active service
860,867,UDP Daytime TCP Example: syntax service 867 May 1983 Protocol
861,868,"00:00 GMT, Protocol 37 U: S: When 1983 January 1900"
862,869,0 +-+-+-+-+-+-+-+-+-+-+-+-+-+-+-+-+ Number RFC-869 2 1983 Gateway 5 Message 4
863,870,[JBP] Unassigned Network Numbers BBN R 870 Reserved USC/Information Assigned
864,871,ISORM ARPANET 1982 871 ARM X25 Hosts NWG Host Host-Host
865,872,TCP/IP TCP Host-Host 872 1982 LAN proximate Hosts Host September
866,873,X25 873 1982 ARPANET ARMS NBS X75 ISORM DoD ISORMS
867,874,X25 1982 874 ISORM ________________ H-FP Yet DoD ISO September
868,875,875 1982 Host ARPANET -- T/MG's T/MG Host-Host September Heffalumps
869,876,---- Host Bad jqkx VRFY 876 SMTP Post RCPT ISI-
870,877,"size X25 virtual 1983 IP Data example, Request 877 Networks"
871,878,1822L Host 1983 878 December Access Bits Protocol 1822 ARPANET
872,879,TCP Maximum Size IP MTU 576 size November network Segment
873,880,SPECIFICATION: Protocol STATUS: OTHER REFERENCES: COMMENTS: CONTACT: DEPENDENCIES: 880 Postel@USC-ISIF
874,881,DDN : ARPA Domain 1983 TOPS-20 Schedule 881 This Available
875,882,"IN FISIARPA 1983 Mockapetris 882 query BISIARPA Domain November example,"
876,883,+--+--+--+--+--+--+--+--+--+--+--+--+--+--+--+--+ query 1983 zone 883 Mockapetris +-----------------------------------------+ November Domain Specification
877,884,IAC TERMINAL-TYPE SB 884 1983 type WILL Wimmers SEND December
878,885,"END-OF-RECORD IAC Telnet data 885 1983 WON'T example, Postel begin"
879,886,822 ARPA UCI For Munging 886 Header Request Comments: Message
880,887,0 request UDP <Flags>=none 1983 2 IP 887 53 Location
881,888,! network 0 EGP 2 1984 JANUARY 888 NR gateway
882,889,0 DCN1 ARPANET 2 SATNET 99 DL Delay Internet ICMP
883,890,"gateways EGP 1984 Exterior 890 Protocol"", Gateway exchange dumb DARPA"
884,891,DCN HELLO -> +-+-+-+-+-+-+-+-+-+-+-+-+-+-+-+-+ Local-Network Mills If zero This When
885,892,TPDU Organization AK ISO Class network 2 TPDUs Network Specification
886,893,"Mb/s size Karels 1984 893 10 packet Leffler network Ethernet,"
887,894,"Ethernet IP 1984 Hornig J, USC/Information 1500 48-bit Unix Maximum"
888,895,Ethernet Experimental IP 1984 895 Unix April Datagrams 42bsd Size
889,896,TCP ARPANET Quench Source ICMP We IP/TCP 896 1/6/84 packet
890,897,"897 1984 Domain 84 February DDN example: Schedule example, Internet"
891,898,"Gateway 1984 898 Hinden, -- SIG EGP Reynolds Postel: Muuss,"
892,899,ARPA Internet 83 This Westine 1984 May 82 Postel Gateway
893,900,[JBP] Numbers Network Unassigned Protocol Reynolds BBN Assigned USC/Information 900
894,901,OTHER Protocol STATUS: SPECIFICATION: COMMENTS: REFERENCES: CONTACT: DEPENDENCIES: 901 Postel@USC-ISIFARPA
895,902,DARPA ICCB DDN ARPA-Internet DDN-PMO 902 1984 Internet July World
896,903,"RARP Mann, Mogul, June 1984 Finlayson, request 903 existing 42BSD"
897,904,-> 0 2 Hello Request 4 6 DL Gateway Cease
898,905,TPDU *| AK network (see TPDUs Class 4 2 0
899,906,TFTP 1984 Ethernet June request 906 DATA network IP ERROR
900,907,+--+--+--+--+--+--+--+--+--+--+--+--+--+--+--+--+ 1984 Host 907 July SIMP 2 Group Request ID
901,908,RDP If Endif SYN sequence RFC-908 July 1984 segment 5
902,909,0 2 5 4 LDP Command 6 +-- --+ Format
903,910,Diamond 1984 Forsdick object Multimedia Date: 910 Workstation SRI (617)
904,911,EGP gateway ISI-Hobgoblin ISI-Gateway Unix 911 ARPANET AS's 42 ISI-NET
905,912,"<foreign-port> : StJohns (decimal) <local-port>, TCP <additional-info> 1984 USERID 912"
906,913,913 1984 ASCII ! <NULL> TOPS-20 Lottor SFTP September 8-bit
907,914,0 2 5 |0 0|0 1|0 0| 6 8 4
908,915,S: U: 117) 915 Year ARPA-Internet Nedved Network Elvy :=
909,916,packet 1984 916 ACK Protocol If October Reliable SYNCH FIN
910,917,network Internet 1984 917 October Mogul ICMP Subnets 0 ARP
911,918,+---+ --> <-- |------>| +OK Wait +----->| |---->| PASS mailbox
912,919,"IP network 1984 Mogul October Broadcasting example, Broadcast Datagrams University,"
913,920,1984 Domain Requirements 920 October level HOSTMASTER@SRI-NICARPA Network example: Mailbox:
914,921,1984 Domain 921 October Revised DDN example: 84 Schedule NIC
915,922,IP BEGIN END /* */ THEN network 1984 Mogul October
916,923,[JBP] Numbers Network Unassigned Protocol Reynolds 923 Assigned BBN R
917,924,OTHER STATUS: COMMENTS: SPECIFICATION: REFERENCES: CONTACT: Protocol 924 DEPENDENCIES: Postel@USC-ISIFARPA
918,925,ARP BOX LAN 1984 Multi-LAN 925 BOXes Network IA:HA If
919,926,PDU : := Network ISO 926 1984 8473 1984) (May
920,927,IAC 0 TUID TELNET U-> (the SE SB S-> WILL
921,928,H-FP OPE 1984 928 X25 December I/O Host Multics PI
922,929,OPE Host Begin 1984 TCP 929 Lilienkamp Mandell December Host-Front
923,930,TERMINAL-TYPE IAC SB SEND IS type 930 January 1985 DO
924,931,"::= : StJohns USERID 1985 "":"" Server 931 January TCP"
925,932,"Class C 932 1985 256 ""B 1/2"" January network However,"
926,933,IAC OUTMRK CNTL Server-Telnet marking SB User-Telnet 933 January 1985
927,934,text Message 1985 S2 934 January CRLF message Encapsulation {c}
928,935,January Link 935 1985 0 Layer I Data Standard RATP
929,936,network Internet Subnet Karels 1985 Class 936 1984 Berkeley Addressing
930,937,"--> <-- mailbox +----+ 937 1985 Butler, message +-------+ QUIT"
931,938,IRTP DATA sequence SYNCH 938 1985 ACK February packet +--------+--------+--------+--------+
932,939,National Research TP-4 DOD Executive 1985 February 939 NRC ISO
933,940,"IP 1985 GADS 940 April Internet However, AND subnet; RFC-917,"
934,941,Network Layer NSAP ISO/TC-97/SC-6 1985 ISO DSP 941 syntax IDI
935,942,TP-4 DOD TCP ISO 1985 942 Research February National Report
936,943,[JBP] Numbers Network Unassigned Protocol R 943 Assigned Reynolds BBN
937,944,OTHER STATUS: SPECIFICATION: COMMENTS: REFERENCES: CONTACT: Protocol DEPENDENCIES: 944 ARPA-Internet
938,945,"Executive DoD TP However, DEFENSE NRC Report Secretary DCA available"
939,946,TTYLOC IAC number 64-bit 1985 (User) 32-bit 946 May Number
940,947,Cronus UDP 1985 Lebowitz 947 Multi-network Internet Mankins We June
941,948,"Layer 8023 York, IP Link IEEE 1985 8022/8023 Winston Ethernet"
942,949,(-> FTP 250 STOR Padlipsky Uniquely 949 July 1985 505
943,950,0 Mask address: ICMP Destination Protocol: Code: Mask: Internet Type:
944,951,"IP If Gilmore 'BOOTP packet 951 1985 BOOTP server NIC,"
945,952,"::= : TABLE 1985 952 <hname> SPECIFICATION name> +-+------------+--------------+--------------+--------------+ *["","""
946,953,": <CRLF> 1985 953 J, HNAME (SRI) request key> Query"
947,954,"Fischer, NICNAME/WHOIS [looks 1985 954 October MILNET Feinler (NANCY) Network"
948,955,"1985 UDP Braden 955 We However, Internet September TCP size"
949,956,0 4 ICMP 2 UDP Network Synchronizing September 1985 -1
950,957,Network Clock WWVB 1985 957 Synchronization GOES clock Experiments In
951,958,NTP Network 0 clock Protocol 958 2 Group 4 September
952,959,"+---+ 1985 <CRLF> FTP 959 October File Reynolds 501, (NIC"
953,960,[JBP] Numbers Network R Protocol 960 Assigned Reynolds Unassigned BBN
954,961,OTHER STATUS: SPECIFICATION: COMMENTS: CONTACT: REFERENCES: Protocol DEPENDENCIES: 961 Postel@USC-ISIBARPA
955,962,NYS 962 1985 TCP-4 Padlipsky Network Group M Request Comments:
956,963,"YES := IP [MILS83a, 1985 MIL-STD 963 November ? [ADA83,"
957,964,:= TCP SYN ESTAB 964 recv_next 1985 -> (see -->
958,965,"'GKSM L 1985 965 SET object December (GKSM-OUT,) PIGCF +------------+"
959,966,Group 1985 Internet 0 Extension Host 966 Groups: Request network
960,967,Padlipsky 967 1985 Victims I December All Network Group M
961,968,Cerf 1985 968 Before I December Night He Network Group
962,969,NETBLT 2 packet size Zhang buffer 969 1985 NETBLT: 4
963,970,We 970 1985 queue packet Nagle Packet time-to-live December On
964,971,-- CCITT NBS Message XEROX 971 January 1986 DeSchon X409
965,972,PWDGEN UDP TCP CRLF-delimited Service Internet 972 January 1986 ARPA
966,973,1986 RRs January 973 Mockapetris zone MX YGOV query NS
967,974,MX CEXAMPLEORG DEXAMPLEORG IN AEXAMPLEORG REMOTE query SMTP LOCAL BEXAMPLEORG
968,975,"EGP 975 1986 Mills Confederations Update February Autonomous However, 128"
969,976,UUCP 1986 976 Jan Horton 1985 RFC-822 Mail February 6
970,977,S: C: Kantor 977 1986 Network News Lapsley February text
971,978,"+-+-+-+-+-+-+-+-+-+-+-+-+-+-+-+-+ <sp> Voice DTMF Protocol Example 978 Interchange Reynolds, Network"
972,979,PSN X25 AHIP EE Version 979 1986 EE's Malis March
973,980,[RFC Protocol SECTION Jacobsen DDN VOLUME 1986 980 PROTOCOL Order
974,981,015 0 2 5 74 4 005 35 11 Multiple-Path
975,982,DSP ANSI subnetwork ISO NSAP 8802 length MAC value Guidelines
976,983,TCP TCP: ISO TPKT expedited 1986 TS-user 4 TSAP 2
977,984,=> <= 501 [why:str] 500 DMSP (ok) (failure) 1986 984
978,985,Network Internet 1986 DARPA NTAG DRAFT Gateways Requirements 985 ICMP
979,986,: --+ |--------------------------------------| +------------------------+ +-- ISO Braun CLNP IP +--------
980,987,X400 822 ; 1986 987 Kille June Mapping This 822-P1
981,988,IP Group Request Extensions Ethernet network 988 1986 Host Deering
982,989,"IK 1987 Privacy 989 Task Linn, MAC text 2 DEK"
983,990,"Network R [JBP] November G Unassigned Protocol Reynolds 1986 [129,LW26]"
984,991,STATUS: SPECIFICATION: COMMENTS: CONTACT: OTHER REFERENCES: DPH) Protocol 1986 (in
985,992,GBCAST Joseph 1986 November 992 ACM We CBCAST ABCAST In
986,993,"<= => DMSP [code:C, 501 why:S] 993 1986 500 Lambert"
987,994,PDU Network Error ISO Service Address 8473 Report 1986 994
988,995,PDU Network ISO Configuration subnetwork End |_____________________________________________| System Address 1986
989,996,0 Group Network DARPA STATSRV Bolt Beranek February 1980 ASCII
990,997,"R Network Net G Numbers ---none--- [30,LW26] D Reynolds Unassigned"
991,998,NETBLT 2 4 0 6 5 8 9 DATA packet
992,999,ARPA-Internet 85 Network This 1987 Protocol 84 requests ISO network
