,Keyword,FID
0,Software DEL TTY-like 32 SRI April IMPs We Experiment Questions,1
1,FIELD Duvall ADD Auxilliary If auxilliary 0 request network Primary,2
2,Steve Network Group Bill 2 4 Jeff Duvall NIL NWG,3
3,messages Test BBN SRI host Network voice Imp procedures power,4
4,conjunct exp SYNTAX DEL area% It empty); California NLS id;,5
5,"Network 4 5 Format Bob conversion 9 Error communication, suggested",6
6,Deloche Interface Network program Host-IMP text May +--------------+----------+ user's This,7
7,California Steve Group Utah Network UCSB Elmer John Paul (213),10
8,Network GORDO Host 0 Software Procedures messages Deloche August HOST(y),11
9,Wingfield Y IMP-HOST 26 August DIAGRAMS <--0; 12 INTERFACE COUNTER,12
10,[ Network Group Vint Cerf Request Comments: 13 20 August,13
11,14,14
12,PDP-10 TELNET 940 15 |______| Network user's network UTAH ______,15
13,Network Group MIT Steve Request Comments: 16 27 August receive,16
14,Re: Kahn HOST-IMP message Kreznar Host [ August BBN 17&,17
15,Network Group California Los Angeles Request Comments: 18 Vint Cerf,18
16,"John SDC ARPA [ network 2 messages This example, Bob",19
17,0 |---|---|---|---|------|-----|-----|-----|-----|-----|-----|-----|-----| (FE) [3] Network ASCII (CC) 20 printing STX,20
18,NWG/RFC 63 links October UCSB 1822 type Revisions 10 Network,21
19,auxiliary SITE <L2> LINK# |////////////////| FLAGS TYPE output message control,22
20,Network Group G Gregg Request Comments: 23 UCSB 16 October,23
21,Calif Steve MITRE (213) Utah (Sec'y) Mass Group Network ARPA,24
22,Network Group Steve Request Comments: 25 30 October NO HIGH,25
23,26,26
24,Calif Mass MITRE UCSB (617) Steve Utah (213) Network Group,27
25,Group Bill English RFC-28 SRI 13 January 1970 TIME STANDARDS,28
26,S Network Group Robert Kahn RFC-29 19 January 1970 This,29
27,Calif (617) Mass MITRE RAND Steve Utah Stanford Group Carnegie-Mellon,30
28,CPAIR OPT 1968 Field 31 COORD EXP Binary Message February,31
29,"[ require clock Network Group Jerry Cole, Request Comments: 32",32
30,<AEN HOST-HOST 1970 network 33 1> 12 February 2> SRI,33
31,Bits 23 straight range ARC 34 8 16 60 [,34
32,Network [ network NWG/RFC Group S Request Comments: 35 Category:,35
33,socket> <link> <my <your socket This Form: Purpose: 36 1970,36
34,"I NWG/RFC Network March Epilogue, 1970 37 20 Meeting (617)",37
35,Network [ network Group Stephen M Wolfe Request Comments: 38,38
36,1970 <My Socket> <BDC> Heafner NCP COMMENTS PROTOCOL NWG/RFC #36,39
37,Invalid NCP NWG/RFC table <NOP> <Code> <QRY> <RPY> <Command Unused,40
38,[ Network Group John Melvin Request Comments: 41 SRI/ARC 30,41
39,|=| MYLOCAL YOURLOCAL X Network 42 1970 type message /==|,42
40,MIT I/O LIL Nemeth 8 TSP G Network Group Request,43
41,socket> <my <socket CLOSE 2 NWG/RFC ASCII-8 Host Network 1970,44
42,[ Network April Group J Postel Request Comments #45 S,45
43,NCP 1970 socket 'Aa12' UCC 46 process |____| Network 'Bb9',46
44,Host NWG/RFC Comments BBN's #33 April 1970 5 47 We,47
45,We 1970 48 NWG/RFC Protocol Possible Postel +---+ Plateau April,48
46,"UCC Steve NCP NWG/RFC I ""quit"" INT MAC 49 (UCLA)",49
47,We Note E ASCII [ MAC sub-field UCC Network Meyer,50
48,Calif Project (617) Stanford Mass Network James Computer MITRE Harvard,52
49,[ Barry Host-Host Network ARPA I protocol After Group S,53
50,"socket> Kraley CLS June 54 1970 Newkirk We 18 Crocker,",54
51,"CLS NCP June 1970 55 CR If Newkirk, Prototypical CLOSE",55
52,"zero machine's receive-logger NCP CONNECT When host#, LISTEN ""exit"" This",56
53,NWG/RFC #54 ILLEGAL In 1970 June 57 RST COMMAND We,57
54,"This logical however, message technique [ physical network Network Group",58
55,"NCP NCP's ""cease link"" MQL NWG/RFC Versus Fixed Flow 59",59
56,NCP socket> <your 1970 <my <number Kalin 60 July 13,60
57,RECEIVE SEND +-----------------+ rendezvous Network ANY 1970 July L Host,61
58,RECEIVE SEND rendezvous Network ANY 1970 IPC 62 L ARPA,62
59,(LL) Network (UCLA) (SDC) (Harvard) (UTAH) Jim John type Request,63
60,"0 Host 32 Getting Rid Marking ------------------------------ 12 ----------------------------------- 7,",64
61,NCP ALLs I Walden Host-Host look-ups 1970 [ 9 65,65
62,4 US BBN (hereafter site) SS+1 US+1 Request #66 26,66
63,Host/IMP text BBN [ We Network Group W Crowther Request,67
64,ACK (CONTINUE) RFNM Group Request #68 70 This In 31,68
65,[ MIT Vezza Network Group Bhushan Request Comments: 69 Updates:,69
66,2 k R(p) 4 j Network Group 70 Note p,70
67,RFNM [ NCP GVB message Host RET Network Group Tjaart,71
68,Group D Network Robert network major Bressler Any 72 [,72
69,[ Bill's Network Group S Request Comments #73 25 Sept,73
70,"Network Interface On-Line 2 UCSB 16, 1970 SIGN 74 White",74
71,Network Group [ I FJCC S Request Comments #75 14,75
72,"::= statement> Connection-By-Name: Semantics: 1970 Bouknight, 76 User-Oriented B6500 UTAH",76
73,"Network 1,2,3 NIC 1970 Meeting 20 Steve J November 77",77
74,UCSB RAND [ Network J #1 NCPs Group E Harslem,78
75,"[ NCP Steve Network Group Edwin W Meyer, Jr Request",79
76,"US 4 Network 80 1970 Data SERV December Harslem, We",80
77,Request [ Network Group J Bouknight Comments: 81 Category: Informational,81
78,Crocker: Engelbart: Network We 1970 82 Meeting December Meyer: I,82
79,"Machine 1970 83 -> 18 expression December Anderson, Data EBCDIC",83
80,NWG/RFC NIC 1970 (UCLA) J Protocol NWG/RFC's (HARV) Network 84,84
81,Network Group [ Illinois Steve Request Comments: 85 NIC 5624,85
82,"network origin"" ""Display NGLI <x> <y> <c> NGSI NGDS When",86
83,Yost Project Urbana 1) 2) 3) organization paper(s) [ April,87
84,"NETRJS job 1971 THIRD PROTOCOL LEVEL 88 13 CCN Braden,",88
85,MITDG Harvard PDP-10 +-------------------------------+ 89 19 1971 HISTORIC MOMENTS NETWORKING,89
86,Network CCN 1971 IBM QUICKRUN @ job January jobs batch,90
87,EOM 1970 SIZE CONTROL 91 size N GETFD PUTF SYS,91
88,92,92
89,"[ 32 80 Protocol Host-Host This number"" ICP zero Network",93
90,"Network 86 94 1971 Graphics Note Harslem, Data February OF",94
91,ext NWG/RFCs Hall NIC (617) February Research Distribution Enterprise Computer,95
92,NIC We 5739 NLS(T) Network NETWORK WORKING GROUP #96 NLS(NIC),96
93,+----+ NIC Telnet ASCII Melvin 1971 network NLS(NIC) 97 NCP,97
94,32 ASCII +-----+-----------+------------+ Logger Network 1971 98 US Feb sequence,98
95,Network [ Group Karp MITRE P Request Comments: 99 NIC,99
96,NWG/RFC (UCLA) #s: *NWG/RFC 1970 1971 February Karp NWG/RFC's Categorization,100
97,NIC NCP February NETWORK WORKING NOTES GROUP MEETING 1971 THE,101
98,size 1971 byte February HOST/HOST PROTOCOL GLITCH CLEANING COMMITTEE RST,102
99,NCP 1971 INS 103 ASCII Keys -- February text 4),103
100,[ Network NIC 5768 J Postel C Group Request Comments:,104
101,RJE RJOR job UCSB request White 105 1971 I/O socket,105
102,Duplex _____________________________________________________________ [ If NETWORK PROTOCOL __________________________ __________________________________________________________ Network What,106
103,8 RST NCP NCP's byte 32 size Message ERP text,107
104,1971 108 Network Group Request Comments: SRI-ARC NIC: 5807 25,108
105,0 +---+---+---+---+---+---+---+---+ EBCDIC ASCII +---+---+---+---+---+---+---+---+---+---+---+---+---+---+---+---+ 1971 LOGGER 109 24 Protocol,109
106,$NOT 2741 IBM ASCII Using 25 March translate Winett 110,110
107,RFC's Host; Network (e) John Group S Request Comments #111,111
108,Network O'Sullivan Raytheon Systems TELNET Group T Request Comments: 112,112
109,UCSB Network 80-character NETWORK RJE/RJOR job [ RJE We Rand,113
110,ASCII TRANSFER PROTOCOL FILE 1971 request 114 Bhushan 8 16,114
111,Network NIC ARPA 1971 Handling 16 Watson 115 protocol; Documents,115
112,NWG [ I 71 May existing Phase Suggestions Network Group,116
113,2 Type ERR NCP RESET-reply 72 Link 9 up-bit (A,117
114,Network NIC required 1971 FOR DOCUMENTATION INFORMATION NETWORK [ Watson,118
115,"socket Network Krilanovich 1971 119 21, Fortran completion INTEGER*4 Subprograms",119
116,"socket PL1 NETWORK SUBPROGRAMS BINARY 120 completion operation FIXED(31,0) ON-LINE",120
117,socket On-Line Network socket; Krilanovich 1971 Q1 Q2 completion foreign,121
118,X SMFS J 1971 122 Simple-Minded White I/O file April,122
119,"size (socket U, ICP (local L S+1, socket foreign L,",123
120,NIC [ NETWORK WORKING GROUP J Melvin Request Comments #124,124
121,"sub-list Multics 86 NGDLP NGDS object RFCs require x,y [",125
122,[ device IBM IV Ames CRTs Research ILLIAC This Network,126
123,", U, RTS, L, STR, (value S) CLS, S+1, U+1,",127
124,-+---+---+---+---+ +--------+ +-----+-----+--- <--- size NCP 128 (Case [ receiver,128
125,User socket Host Network NCP SOCKET <-- (Scheme 24 IDENTIFIERS,129
126,NIC #111 (TELNET Alex Network #5767 TELNET Heafner I Group,130
127,NWG 360/65 PDP-10 1) Network We Rand 2) NCP Request,131
128,zero [ NETWORK WORKING GROUP Jim White Request Comments #132,132
129,==> <== -- <+> 133 1971 NCP Here's JOE request,133
130,Network Vezza Yost 1971 Project House working NIC 6711 Graphics,134
131,#110 2741 Hathaway 135 29 1971 NWG/RFC ASCII key Response,135
132,Host What Network That Kahn 136 29 1971 ARPA required,136
133,0 +---+---+---+---+------+----+----+----+----+----+----+----+----+ TELNET O'Sullivan Meaning: Source: -> 137 1971 2,137
134,::= value 0 1971 138 DRS 2 Reconfiguration Service expression,138
135,TELNET ASCII O'Sullivan serving 139 1971 May Using ECHO Discussion,139
136,"TIME: TITLE: (RFC's ARPA NWG UCSB ""The At Monday Network",140
137,141 job IBM Harslem Haefner 1971 Bushan's #114 Although [,141
138,CLS RTS IMP-HOST NCP STR Destination -> 2 matching 5,142
139,17 5 9 ICP User Server UNCP SNCP Official J,143
140,data Computer management 30 existing 1971 144 Network Networks This,144
141,", U, RTS, L, STR, ALL, U+1, 32 C (value",145
142,(RFC Data network Host ARPA CCA's Shoshani's Network Stage data,146
143,Network Socket Lincoln 360/67 1971 network Laboratory May ARPA [,147
144,[ 32-bits 's' Network Group Bhushan Request 148 MIT --,148
145,[ Network Group S Request Comments 149 NIC 6752 10,149
146,ABILITY TO IPC #150 5 1971 May If Use This,150
147,size ALL NCP [ In S requirement may SDC level,151
148,Group [ We TENEX PDP-10 Network network SRI Our M,152
149,Stage We NIC May network Network 0 Melvin 1971 NICTNLS,153
150,: f(x) x [ Network Group S Request Comments: #154,154
151,Calif Computer Research [ Los <continuation document> Laboratory NETWORK Project,155
152,26 Site [ Illinois Network Group J Bouknight Request Comments:,156
153,1971 Optimization Symposium IEEE [ Data Communication Systems 157 ACM,157
154,0 +---+---+---+---+------+----+----+----+----+----+----+----+----+ TELNET O'Sullivan PROTOCOL -> May Meaning: 158 19,158
155,159,159
156,NWG/RFC Job Questionnaire NIC Comments: Stanford Institute NIC: 4687 4688,160
157,"THE example), ICP #143 Host-Host (U6) [ Network Group Request",161
158,NETBUGGER3 X Host Kampe Network 162 1971 FILENET [ May,162
159,Data Manager ICP This Standard For Network We None [,163
160,Network Heafner 164 Group 1971 Meeting May Minutes (RFC TIP,164
161,"size socket (socket May 1971 S+1, 165 foreign 25, (local",165
162,"::= 0 1971 166 value <null> Reconfiguration DRS May Anderson,",166
163,"NCP socket Protocol Socket It 167 Reconsidered (eg, 32-bit CLOSE",167
164,Research Calif Computer Network 168 6785 Technology Square NIC ARPA,168
165,1971 Computer workshop 169 27 May Networks -- IEEE Session,169
166,April May List June January Data Proposed O'Sullivan NIC NWG/RFC's,170
167,DLE DTP sequence June TRANSFER 1971 PROTOCOL 171 THE Hex,171
168,request FTP NWG/RFC 172 -------------------------------------> ASCII file CLS <------------------------------------- It,172
169,Network IBM objectives McKay NWG network July MITRE [ CCA,173
170,"DEC 340 We PDS-1 MOSAIC NWG J Postel, 174 UCLA-NMC",174
171,"|_ [ ""Socket zero #167, Network Group 11 June 1971",175
172,3rd size Byte MIT #176 #7100 byte NIC 107 8-bit,176
173,"16 NGLI DISPLAY (x,y) McConnell +-------+ 177 June 1971 DEVICE",177
174,NETWORK 1971 GRAPHIC Network June HANDLING 178 ATTENTION may DEVICE,178
175,[ 2-71 Available Group Alex McKenzie Request Comments 179 BBN,179
176,"Host example, For I/O What file system network McKenzie are:",180
177,"LIST #177 MODE EXECUTE 16 DEFINE RFC's (Name,(Xl,Yl),(Xr,Yr)) VECTOR (item",181
178,OF ARPA Network Site-produced existing IPT Site's 182 Jeanne 7126,182
179,"EBCDIC (Reserved) ASCII [superscript Winett July 21, 183 GR 1971",183
180,|_| \--v--/ <= |XX| Kelley 6 |_|_|_|_| 184 1971 |--|--|--|--|--|--|--|--|,184
181,[ Network NIC 100 185 Jeanne North 7129 ARPA Category,185
182,; Graphics request WAR Network July 1971 If 186 Loader,186
183,'NC' 'EE' job network When system Research message IBM Express,187
184,Data Corporation IBM Management Computer Karp McKay Square August Network,188
185,NETRJS job 1971 189 VRBT RJS ASCII +--------+ <-- July,189
186,IMLAC PDP-10 r1: COMMUNICATION SYSTEM 190 1971 display DEC 13,190
187,NLS When display size 64K Research [ file-viewing 20 ARC,191
188,Display 192 1971 Network July 12 Graphics Watson object Factors,192
189,x ----------------------------------------------------------------- July 193 UTAH TENEX [ ICP Group 14,193
190,TOS -> :: 4 0 +------------------+ NULL 194 2 AD,194
191,"Data 1971 195 GET 2 July EL1 Network I Massachusetts,",195
192,"Meaning: NIC box MAIL PROTOCOL 7141 BOX zero 0 Protocol,",196
193,"NCP X ICP L, U request We U, X1, X2",197
194,Network [ Group J Heafner Rand Request Comments #198 20,198
195,8 Byte 16 DATA-TABLET 15 July SUGGESTIONS NETWORK 1971 FOR,199
196,1971 1970 July June Network Protocol April May February Data,200
197,201,201
198,RFC's Network NIC Document #2 [ Wait We required S8,202
199,N 203 1971 J 10 Kalin ACHIEVING RELIABLE COMMUNICATION ARPA,203
200,[ Jon programs? Group Postel 5 Network Request Comments: 204,204
201,VCD NETCRT +---------------+ URSA DISPLAY CHARACTER PROTOCOL 205 1971 _Break_,205
202,TELNET CASE 1971 206 White User Figure PDP-10 August system,206
203,Network J (617) Vezza [ September Bob 864-6900 x1458 Group,207
204,O PDP-1O TIP 2 0 IBM PDP-10 McKenzie NUMBER 418,208
205,1971 1822 We IMP/Host [ Hosts Host Network Group Request,209
206,"""return"" Eliminate host's RFNM [ ""give If back"" Request Comments",210
207,1971 Network Research ARPA BBN-TENEX Square Project Calif Laboratory Computer,211
208,"Network October NWG NIC TIP Protocol #207 Sunday, John J",212
209,[ BBN Network Group Cosell Request Comments: #213 NIC #7194,213
210,x 21 BBN ? SDC MIT NCP August 214 UCSB,214
211,"Host CLS Terminal RFCs #215 ECO 32-bit GVB network 65,534",215
212,NETOLS UCSB's OLS 1971 Figure [circle 216 Network System White,216
213,"NIC UCSB 'Network 105, size [ SMFS Network 74 simplex",217
214,[ BBN Network Group Cosell Request Comments #218 NIC #7548,218
215,1971 User's View Datacomputer September 219 Winter In index When,219
216,220,220
217,"Protocol Box File BOX Watson Mail Meaning: MAIL Network Protocol,",221
218,"TELNET Project Metcalfe MAC 1971 NWG 864-6900 x1458 [ Cambridge,",222
219,Zenith 0740 Enterprise 9-0740 Group Network 329-0740 NETWORK 0500 1800,223
220,"TELNET mailbox [ McKenzie #224 BBN (eg, Host NIC Data",224
221,|+---+---+---+---+---+---+---+---+---+---+---+---+---+---+ |-+ Network +--------------------------------------------------------------+ OLS UCSB EXPERIMENT 225 1971 RAND/UCSB,225
222,[ THE OF NETWORK WORKING GROUP PEGGY REQUEST COMMENTS #226,226
223,Heafner 80 Harslem 227 September 1971 (RAND/UCLA) (bits/secs) Network Group,227
224,BBN #70 statement Network Group Dave Walden Request Comments #228,228
225,71 Name Network Group Jon Postel Request Comments: #229 September,229
226,TIP Bell For System [ block TIP's start/stop 10^5 TIP-terminal,230
227,"network job I/O example, We service Network [ For Notebook",231
228,Network Graphics [ meeting October #232 NIC #7649 Vezza September,232
229,"[ 71 Host Network Group 28 Sept Abhay Bhushan #233,",233
230,"Network Group October Project Square), Vezza 9:00 (Technology 12th workshops",234
231,D PDP-10 0 1/2 IBM-360 HARVARD LINCOLN BBN NETWORK COMPUTER,235
232,"BBN UCLA-NMC 71 [ #226, Name UCSB NBS Network Standard",236
233,NIC Network 8 maximum 6 NWG Group Richard W Request,237
234,[ DTP Descriptor/Count modes-available Protocol 2 File receiver Network Group,238
235,"NIC [ Network 229, BBN choice; Group R Braden Request",239
236,"O D PDP-10 1/2 IBM-360/67 ""Soon"" HARVARD LINCOLN BBN T",240
237,Host BBN Terminal [ McKenzie 241 network MLC Multi-Line Usage,241
238,"For example, equivalent |,=value|) |,extent| following value may network This",242
239,1970 Data J 1968 Network vol W Computer IBM October,243
240,244,244
241,[ Network Group MAC October reservation Request For Comments #245,245
242,Network Graphics [ Meeting November Group Vezza Request For Comments,246
243,10 -> M Host S X'45' 65 X'41' #247 4,247
244,248,248
245,Network etc) [ Advanced Illinois F equipment listing TI-725 Gould,249
246,Protocol [ (RFC 8 Transfer sequence File UCLA-NMC We Network,250
247,[ Network Stern ARPA Computer Corporation Group D Request Comment,251
248,"PDP-10 D O #D ""Soon"" Server User HARVARD LINCOLN Bob",252
249,[ Stanford November Whether Network banquet Graphics Your Laboratory This,253
250,(to follows) 1971 254 (you ARPANET Using October Network TENEX,254
251,"O PDP-10 D IBM-360-67 T NETWORK COMPUTER DAY, DATE AND",255
252,[ Host Network BBN Group Cosell #256 NIC #7697 November,256
253,257,257
254,258,258
255,259,259
256,260,260
257,261,261
258,262,262
259,Host BBN [ Network McKenzie We hard-wire Group Request Comments,263
260,"DLE DTP sequence 264 1971 15 Hex November Bhushan, Octal",264
261,request 1971 FTP November 265 ASCII 17 file -----------------------------> serving,265
262,O D PDP-10 T 1330 IBM-360/67 (Destination H [ Host,266
263,"O PDP-10 D #D '72 IBM-360/67 ""Soon"" HARVARD LINCOLN Server",267
264,Notebook Network Group J Postel Request Comments: #268 UCLA-NMC NIC,268
265,"UCSB We user's UCLA-NMC ""FOO"" H December FOO FXFER 71",269
266,BBN 30 McKenzie Host marked Network Group Request Comments: 270,270
267,Host Network 30 BBN [ January 1972 1/4 Ready queue,271
268,272,272
269,"Mnemonic> Recognize NIC <Institution <Host 7837 247, [ subject (1)",273
270,"NIC <MITRE> NETWORK 4 -----, Subsystem MITRE SITE-FILE Next Guide",274
271,275,275
272,"NIC [ SRI 29, use Course Nov NWG/RFC# 276 8-NOV-71",276
273,277,277
274,"8056 <separator> Box ""MAIL"" NIC With NWG/RFC# 278 17-NOV-71 <ident>",278
275,279,279
276,NWG/RFC# 280 17-NOV-71 15:57 8060 Set Host Names [ Draft,280
277,sequence McKenzie 281 1971 ProtocolDecember File Suggested 16-bit Data Addition,281
278,Graphics 1971 282 Network Padlipsky December graphics UCSB experiment Meeting,282
279,"job NETRJT server TIP's OPEN output NETRJS TIP However, <",283
280,284,284
281,! PROCESS DISPLAY display OUTPUT 285 INPUT 8271 NIC graphics,285
282,[ Library Network Georgetown System NIC query ARPA Retrieval organization,286
283,"D PDP-10 O #D ""Soon"" Server User '72 LINCOLN IBM-360/67",287
284,D PDP-10 #D O IBM-360/67 Server LINCOLN HARVARD SOON User,288
285,NWG/RFC #289 21-DEC-71 16:29 8295 Hope Official List Host [,289
286,Computer Data J p 1970 R D 1971 W vol,290
287,"Hughes objectives [ Network 1972 NIC (Area Watson 23, D",291
288,::= stt> delta> 0 <x coordinate> <string> <y Graphics Protocol,292
289,"O D #D PDP-10 ""Soon"" User Only Server HARVARD IBM-360/67",293
290,-------------------------------------> <------------------------------------- File X End Network Y Z ASCII [,294
291,Protocol Workshop NWG/RFC #295 JBP 2-JAN-72 15:35 8355 queueing ECO,295
292,0 DS-1 4 15 I/O 296 1972 January 2 Display,296
293,8 [ TIP size BBN (in characters) 64 2) 3),297
294,"O D #D PDP-10 Server ""Soon"" LINCOLN HARVARD User IBM-360/67",298
295,(217) System [ Dorothy Hopkin Management This IV Network Group,299
296,NETWORK Project Computer Research 1972 BBN-TENEX Square Calif January MAILING,300
297,"[ (#5) 4, BBN Saturday NCC We Network network Host",301
298,} group UCSB UCLA-NMC [ various 8 BBN-TENEX Dave {Jim,302
299,Network ARPA Research Computer Calif Project Laboratory BBN-TENEX (617) Square,303
300,DCF network McKay System Management 304 1972 ARPA Data Network,304
301,BBN [ ETAC RSTs 316 We Network Group Ralph Alter,305
302,D O #D PDP-10 Server User HARVARD H ________ PDP-11,306
303,RJS TERMINAL Network RJSAP User PDP-10 job JOBS NETRAND ACTIVE,307
304,000% 0000 SURVEY MIT-DMCG 0023 LOGGER ARPANET 064% LONGTERM [,308
305,-- NWG/RFC ARPANET Bhushan 309 Abhay J 1972 Job Use,309
306,FTP DTP ASCII size NWG/RFC TELNET 310 Look NIC 1972,310
307,I/O UCSB [ Tektronix MLC/360M Multiplexor Computer NETWORK WORKING GROUP,311
308,Error message We 'link [ IMP-to-Host McKenzie BBN NIC Under,312
309,CBI Network O'Sullivan General network 1972 Computer 313 1) Purpose,313
310,"Mitre [ Network Graphics Group Please Corporation, McLean, (703) Holiday",314
311,"#D O D PDP-10 Server User ""Soon"" Only NETRJS H",315
312,McKay network MITRE 1972 Data Group 316 Management NLS IBM,316
313,Available Network Protocol Switching experiment To Group Jon Request Comments:,317
314,Telnet ASCII 1972 318 Protocol NVT DATA LF MARK CR,318
315,"O #D D PDP-10 Server User Only ""Soon"" ---- NETRJS",319
316,Reddy XCRIBL Xerox PDP-11 Workshop Systems 320 1972 XGP Graphics,320
317,"network ARPANET system IMLAC LOGO We BBN MITRE Feurzeig, TICCIT/CAI",321
318,(213) Group Network [ Vint Jon Request Comments #322 J,322
319,+-------+---------------+ FORMAT Network 1972 +---------------------+ Group 323 J Formation NWG,323
320,RJE [ Network 72 McKenzie 72) Group J Postel Request,324
321,NETRJS NETUTAH1 RJS Hicks JOB When TERMINAL 1972 Network jobs,325
322,"O D #D PDP-10 Only Server User H ""Soon"" Network",326
323,"April name> 14 14,15 MIT-MAC File Bhushan 1972 <port ASCII",327
324,328 HIDE YOUR [ 72 DATA INPUT ASCII Network Group,328
325,NETWORK MAILING Network Research Information Computer LISTS ARPA Calif Project,329
326,"O D #D PDP-10 Only Server User H ""Soon"" NETRJS",330
327,IMPSYS [ 2600 IMPLOD We request Network BBN Group J,331
328,"O D #D PDP-10 Server Only ""Soon"" User NETRJS ----",332
329,"Host rendezvous MESSAGE 1972 SEND EXPERIMENT SWITCHING PROTOCOL RECEIVE Bressler,",333
330,Network [ 8 McKenzie BBN Vint network Group #334 NIC,334
331,[ 1972 Network Group UCSB Computer NIC #9928 Research Lab,335
332,: Level 0 Graphic Protocol Input DEVICE TEXTIN POSIT [,336
333,337,337
334,EBCDIC MAPPING NETRJS ASCII NETWORK Network 1972 FOR EBCDIC/ASCII <cent,338
335,MLTNET TENEX <name> syntax: ARPANET effect: user's When In Causes,339
336,ASCII TELNET [ 8 Data Your length Hide require Network,340
337,341,341
338,"O D #D PDP-10 Only Server User ""Soon"" Network NETRJS",342
339,IMP's McKenzie IMPSYS 2600 next We 343 1972 [ Change,343
340,O D Server PDP-10 #D Only User H #T Network,344
341,[ MPSX mixed Illinois CCN IBM We Computation programming system,345
342,": [ Satellite RFC's ARPANET 44,000 3,000 M N Network",346
343,[ Network NIC Group Jon Postel Request Comments : 347,347
344,: [ Network NIC Group Jon Postel Request Comments 348,348
345,: Network Socket [ NIC I Assignment Group Jon Postel,349
346,UCSB Network HARV MIT BBN User AMES BURR System NWG/RFC#,350
347,Local Mailing Science [ Graphics Network Group H Request Comments:,351
348,TIP 5-JUN-72 16:11 10594 NWG/RFC# 352 organization: [ NWG/RFC #352,352
349,O D Server PDP-10 Only User #D June TIP Network,353
350,"CRLF ASCII TELNET size FTP ::= July 1972 8, socket",354
351,"346 John Davidson June BCC conjunction [ Echoing, ARPANET 500",355
352,[ NCC Network R Bolt Beranek ARPA busy Group Alter,356
353,break TELNET TIP 357 For 1972 June MTB Handler Davidson,357
354,358,358
355,[ OF THE June We BBN #343 quite July Network,359
356,job TELNET FTP RJE 1972 360 ENTRY JOB REMOTE 500-505,360
357,[ MIT-DMCG Network Group Bob Bressler Request Comments: 361 NIC:,361
358,O #D D Server Only PDP-10 User H TIP BBN,362
359,NETWORK Network MAILING Computer Information Research LISTS Project (415) Square,363
360,"How What Is 364 NIC July 1972 Abrams 11 (eg,",364
361,ECHO @MAG TIP halfduplex @BINARY 1972 July -- WILD REMOTE,365
362,O #D D Server Only PDP-10 User TIP July BBN,367
363,"Network [ TIP's syntax For EBCDIC 2 example, job jobs",368
364,ARPANET 1972 SERVICES 369 EVALUATION OF % Pickens July network,369
365,ARPANET BBN [ Hilton October Computer Communications 11020 We NIC,371
366,Bob 11022 12-JUL-72 IMLAC Kahn TIP ON ICCC [ NIC,372
367,11058 ARBITRARY CHARACTER SETS John McCarthy 50 14-JUL-72 12:41 NWG/RFC#,373
368,"July [ We McKenzie 18, ""feel"" NCC On Alex BBN",374
369,375,375
370,O Server Only PDP-10 User D #D TIP H BBN,376
371,TSO EBCDIC ASCII 1972 MARK CCN LF 377 NETWORK input,377
372,30 -------- ------- BBN 0 McKenzie 136843 159872 335053 68838,378
373,TSO TSO: //* (213) READY You CCN Network LOGON EDIT,379
374,380,380
375,"Bits Network 26 July Quillan, Error 1972 381 IMP-to-Host message",381
376,[ NIC ARPA IMSL Network NATS network 11122 Lawrence McDaniel,382
377,383,383
378,Research Force Center Bolt Beranek Newman Air California Corporation Weather,384
379,NWG/RFC EBCDIC ident> 385 <sys _CRLF_ 354 command ASA EOR,385
380,TIP @TRANSMIT EVERY Host/Host Host LOGIN 386 2 We ON,386
381,0 2 Kelley +--+--+--+--+---------+--+--+ NGP-0 NGP 387 System -1/2 Meir,387
382,FORMAT NCP +-------+---------------+ +--------------------------------+ 388 1972 +---------------------+ Statistics DESTINATION 24,388
383,NETWORK ARPA Network (213) problems Fred [ Operations CCN Manager,389
384,JOB ABC123P JCL FORMAT(' READY /* //LKEDSYSLMOD job UNLIKE ATTRIBUTES+,390
385,31 ------- ------ 2 TRAFFIC 4 0 LINC HAD NO,391
386,Network Hicks 392 1972 jobs TENEX Measurement Data Wessler RJS,392
387,"TELNET ASCII [ Break ""Hide-your-input"" duplex CR-LF If ""Echo"" received",393
388,Host 30 network John #394 [ We half-duplex McQuillan BBN,394
389,[ (DOWN) 516 316 OFF IMPs (UP) requested TIPs Sense,395
390,Group Graphics [ Network 474 I meeting 1973 (2) (3),396
391,387,397
392,"UCSB IMLAC [ Graphics TEKTRONIX John x'701' Nevertheless, x'705' OnLine",398
393,number> name> <user <account SMFS LGO 8 LGI [ <op,399
394,30 ------- ------ TRAFFIC LINC HAD McKenzie DAILY NODE TOTAL,400
395,Q +S S #387 NGP-0 D Conversion 2's [ NGP,401
396,NETWORK Network MAILING October Information Calif Computer Project LISTS (415),402
397,Z +-------+ 1108 Utah Hicks Network R January 1973 EXEC,403
398,"TENEX [ RAND ISI Host 86 ""Network Address"" NWG/RFC #404",404
399,"TENEX 404 [ RAND ISI RFC# 86 ""Network Address"" NWG/RFC",405
400,"17, Bits zero 5 Down Hosts 18 [ 381 follows:",406
401,"job TELNET Job 1972) 407 REMOTE FTP 16, <job-id> RJE",407
402,[ NWG/RFC 408 Buzz Owen (SAAC-TIP) NIC #12390 Jon Postel,408
403,TENEX CR UCSB SMFS 409 1972 FILE SIMPLE-MINDED SYSTEM December,409
404,Host [ network Hosts 30 delay 30-second message worst-case 2,410
405,Multics Network [ Group M Padlipsky Request Comments #411 MIT-MULTICS,411
406,FTP file) name> file> file !copy IMAGE User command <remote,412
407,LINC DAILY TOTAL Network Group Request Comments: NIC: 12405 13,413
408,"TELNET FTP ""LIST"" 414 1972 server ""STAT"" ""MLFL"" Wayne Bhushan",414
409,TENEX Murray CPU November BYTES/SIZE 50/36 16% 100/36 200/36 400/36,415
410,FOR ARC November PST) XCORE [ Bryant SYSTEM WILL BE,416
411,Network Group Jonathan Postel Request Comments: 417 Chuck S Kline,417
412,Network Vezza Group Request Comments: 419 MIT-MAC NIC: 12763 12,419
413,0 STR(4) (1) Murray 9 January 1973 283 420 Weather,420
414,NETWORK [ TIP NIC Liaisons WORKING GROUP Alexander McKenzie(BBN) Request,421
415,-------- 21 LINC McKenzie December Traffic Statistics (November DAILY TOTAL,422
416,Network ARPA NETWORK (213) [ User CCN Services Operations problems,423
417,424,424
418,network Network Group Bob Bressler (BBN) Request Comments: 425 Dec,425
419,RRQ H2 H1 H3 +---+ TELNET ROK |____| RDO X,426
420,427,427
421,428,428
422,Generator Network NIC process [ ARPA Information Center Stanford Research,429
423,|///////| FTP +-------++-------+-------+-------++-------+-------+-------++ ||///////|///////| ||///////|///////|///////|| 1973 COMMENTS PROTOCOL 430 FILE,430
424,number> SMFS <account LGI LGO <user name> Login 8 Update,431
425,December Network 1972 Neigus Group N Request Comment: 432 BBN-NET,432
426,SYSTAT File CPYNET DATE-TIME 5 Telnet Transfer @ Echo 9,433
427,[ TIP (1/16) (1/24) (2/22) 1973 McKenzie 434 January IMP/TIP,434
428,ECHO NO TELNET INPUT 1973 435 January 5 YOU --,435
429,[ UCSB RJS Krilanovich 'ACCT' Network Group Mark #436 NIC,436
430,<CA> DRS UCSB 437 1973 RECONFIGURATION SERVICE June list>|<CA>) Network,437
431,FTP socket LSTN 255 SOCK server command RSEXEC CRLF 438,438
432,*I What I PARRY DOCTOR Cerf comment: 439 January 1973,439
433,"[ Network 381, Walden 7am Group David C #440 BBN-NET",440
434,+-|-+ ack: byte 1973 441 January 2 XWD Bressler U,441
435,0 ACK packet POE SOE IMPSYS ROE January 1973 Flow-Control,442
436,-------- 25 LINC DAILY TOTAL [ McKenzie NO January Traffic,443
437,444,444
438,[0830-1130] [1130-1430] [0930-1230] [ McKenzie Tuesday Wednesday Thursday [1030-1330] IMP/TIP,445
439,[ Deutsch NIC major 446 1973 Group L Peter SRI,446
440,[ McKenzie TIP 1973 January IMP/TIP (2/22) 434 Schedule CCA,447
441,"RJE FTP VFC 454 1973 [ Braden ""print 448 FILES",448
442,[ IMPSYS Vint's described Walden Hosts Network Group Dave 449,449
443,[ Network Group M Request Comments 450 MIT-MULTICS NIC 14134,450
444,Network FTP Server Generic 451 1973 [ ICP I So,451
445,CTL ASCII TELNET EBCDIC PDP-10 Winett 1973 452 February Figure,452
446,"Kudlick Mail Network 1973 (IJOURNAL, 453 [ Journal NIC Meeting",453
447,CRLF ASCII 8 TELNET ::= McKenzie July 1972 FTP 454,454
448,------- 31 ------ 2 LINC 0 BBN McKenzie DAILY NODE,455
449,"[ Kudlick SRI-ARC 1973 Group 456 NIC 14376 13, Updates:",456
450,TIP [ User's Network Dave #457 BBN-NET NIC #14377 February,457
451,"FTP MAIL text 458 1973 ""NO NOW"" Bressler, 20 RDML",458
452,[ Network Kantrowitz meta-work It ARPA Group W RFC: 459,459
453,---- NCP size Kline Imp 460 1973 Survey February (explain),460
454,[ McKenzie TELNET Protocol 318 BBN Network Group 461 BBN-NET,461
455,"[ NIC's User 462 1973 Group February D Responding RFC,",462
456,FTP 430 GSOC Item NIC 463 1973 TYPE [ I,463
457,"NIC [ Kudlick SRI-ARC John Framework We 1973 ""resource notebook""",464
458,465,465
459,ASCII EBCDIC HEX LOGGER/SERVER TELNET LL-67 Host 466 February 1973,466
460,NCP RCS Burchfiel 2) When 1) 467 1973 February 8,467
461,HASP FTP Network CPU +--------+ 468 1973 IBM Data job,468
462,14798 NIC SRI-ARC 8-MAR-73 MDK 17:24 TYPE TEXT recipient's Network,469
463,Socket [ TIP Network Group Bob Request Comments: #470 TENEX,470
464,[ ARPANET Workshop TIP TENEX Executive BBN BBN-TENEX 1973 Host,471
465,[ Bunch IMLAC We 472 1973 Maxwell's UNDO standardization work,472
466,Group D Walden Request Comments: 473 BBN-NET NIC: 14811 28,473
467,Network Graphics Group [ meeting Steve NIC #14905 RFC#: 474,474
468,FTP NIC MAIL mailbox SYSTEM NETWORK network Host 475 1973,475
469,[ McKenzie TIP 1973 IMP/TIP #447 follows: 476 2) Network,476
470,<jobid> job <CA> 1973 477 UCSB Krilanovich RJS 23 May,477
471,+------+ USER SERVER SOCK A->B BBN __________________ SKT- PASV 478,478
472,NIC Journal FTP 479 1973 -- White acknowledgment delivery text,479
473,[ FTP (and SRI-ARC's <program> <parameters> Network Group James E,480
474,481,481
475,26 -------- 2 0 LINC McKenzie 482 12 March Traffic,482
476,"[ 1973 Network Group 483 SRI-ARC NIC 15061 14, Meeting",483
477,484,484
478,[ UCSB MIX Pickens 1973 MIXAL I March Network Group,485
479,"RJE (eg, [ BBN March job 1973 Data Bressler execution",486
480,[ BBN FTP I 1973 CPU TENEX Bressler require If,487
481,NLS Network SRI-ARC [ Auerbach We 2 Data 488 1973,488
482,"[ 5 4 Zero procedure Burchfiel ""reset 2 6 ""open""",489
483,UCLA-CCN RJS jobs Pickens UCSB 490 1973 EXEC job SURROGATE,490
484,"USER MAIL FTP NETML explicit Network 491 1973 What 475,",491
485,NCP 467 492 1973 RESPONSE 18 TO Meyer 8 When,492
486,::= stt> /_ <x <y delta> 0 GRAPHICS 493 coordinate>,493
487,MIX Network [ MIXAL Walden 485 UCSD Ken available network,494
488,TELNET NVT NIC Protocol Bob 1973 McKenzie 495 [ Dave,495
489,"[ TNLS Network Group 496 NIC 15496 April 5, 1973",496
490,LINC DAILY TOTAL [ McKenzie BBN 497 April Traffic Statistics,497
491,CCN MAIL BRADEN <userid> SNDMSG 1973 SERVICE CCN's [ __,498
492,job RJE RJS Queue SYSOUT 499 1973 HARVARD'S NETWORK Active,499
493,"500, ""Integration data management systems computer network"", April 1973 Editor",500
494,Network Server File Transfer Un-Muddling 501 1973 Bob user's May,501
495,502,502
496,Telnet Transfer File Echo @ CPYNET SYSTAT 13 DATE-TIME NETRJS,503
497,1973 NIC 504 BBN workshop What sharing Workshop Thomas LISP,504
498,FTP Padlipsky (*) NETML 25 June 1973 I POOL 505,505
499,"[ -- (1) Server Padlipsky STOR, they're Network Group MA",506
500,507,507
501,+-----+-------+-------+-------+-------+-------+-------+-------+-------+ Network SEL 508 UCSB 1973 ms| IBM Real-Time 360,508
502,28 0 2 ------- McKenzie BBN ------ 509 May Traffic,509
503,Network White Journal FTP NIC delivery NLS Request 510 30,510
504,Enterprise [ 0740 Zenith 9-0740 Network NIC (415) 329-0740 1-0740,511
505,SCB [ Hathaway I 1973 MORE ON LOST MESSAGE DETECTION,512
506,TELNET Hathaway DM I On 513 1973 COMMENTS NEW SPECIFICATIONS,513
507,THE NETWORK OF Kantrowitz Network 5 June DOCUMENTATION IS AVAILABLE,514
508,::= ! <special1> LIST ; Version +-----+ 0/9 STR STRUCT,515
509,[ scheme: 516 1973 MESSAGE DETECTION received LOST (this (modulo,516
510,517,517
511,"Accounts: Address: experimental ARPANET ACCOUNTS California Vaughan, (617) Contact: -Have",518
512,network APL 1973 Evaluation Pickens 519 UCSB June ARPANET MINIMAN,519
513,CRLF number> <byte 1973 Day June FAP Protocol FTP: file,520
514,"McKenzie NCC [ We BBN 1973 Use DDT Restricted ""view""",521
515,0 HAD LINC DAILY NODE TOTAL SDAC FNWC NO TRAFFIC,522
516,Bhushan [ MIT-DMCG Abhay June SURVEY Operation We survey NIC,523
517,::= <CA> Mail 1973 524 13 Delivery June White Protocol,524
518,MATHLAB MIT-MATHLAB (+) June 1973 UCSB 525 DISPLAY OLS X,525
519,Image Software Processing California 1973 Meeting Los [ Southern Center,526
520,"And Beware Did USER-SERVER RJE When FTP, ARPANET, He Network",527
521,Host McQuillan 20 June 528 SOFTWARE CHECKSUMMING THE 1973 checksum,528
522,"TELNET SYNCH sequence band"" FTP 529 June 1973 Protocol 29",529
523,Resource [ Network Notebook I Padlipsky 1973 famine? Hosts --,531
524,B6700 ALLO Server-FTP We UCSD-CC 532 July 1973 BYE rejected,532
525,[ uniquely BBN IMP/Host Report extra 1822 Network Group David,533
526,Walden extra 534 17 July 1973 Lost Detection 512 [,534
527,OPEN size FOO FAP MH SETP TENEX July 1973 512,535
528,536,536
529,"NGG Bunch Ozark [ July Network 537 1973 meeting-JULY Urbana,",537
530,30 0 LINC HAD NO NODE TOTAL HARV 90 SDAC,538
531,524 Mail RJE [ (UCLA-NMC) July 1973 Protocol like mail,539
532,540,540
533,541,541
534,"<CRLF> TELNET ! FTP 1973) 17759 542 size <SP> 12,",542
535,<CR> [*] Journal Network FTP NLS SRI-ARC TENEX 543 1973,543
536,[ SRI-ARC <USERGUIDES>ARCLOCATOR Network (SRI-ARC) Kelley Group Dean 544 Kirk,544
537,UCSB We Resource 545 23 1973 OF WHAT QUALITY THE,545
538,1973 I ISI TENEX Averages EDT July 10 Load CPU,546
539,BIT PACKET HELLO CHANNEL I-HEARD-YOU SPECIAL Host 547 1973 Very,547
540,[ Host Network BBN Group D 548 BBN-NET NIC 17794,548
541,Network July 549 15-17 1973 Graphics NGP-0 It Ken Jim,549
542,NIC [ NCP NCPs Deutsch 1973 EXPERIMENT 95% 550 Network,550
543,< > (STOR/RETR) job (CDC New Network York Institute RJESTAT,551
544,[ Owen (?) could Network Group Buz 552 SDAC-TIP NIC,552
545,"553 July 1973 text/graphics 14 ICP display Errors: Irby, Draft",553
546,554,554
547,<CA> -- Discussion: (DHC JBP References: 539 White Protocol <individual>,555
548,0 2 31 -------- LINC HAD NO TRAFFIC ------- 1973,556
549,RJS Wessler 1973 BBN REVELATIONS NETWORK MEASUREMENTS Don [ 392,557
550,558,558
551,TELNET GA GA's We 1973 server Bushan new ECHO 559,559
552,Break RCTE text <cmd> 560 1973 TELNET P: 0 U:,560
553,::= <SP> 18516 ! 561 <CRLF> <subjectitem> Headers <keyword> <line>,561
554,TELNET #513) McKenzie 28 1973 NIC 10 (see Specification 562,562
555,<space> <cr> RCTE P: TELNET TENEX S: Davidson T: 1973,563
556,564,564
557,"RESPONDING LOGGER (UP) NOT SURVEY Network SURRET ""OK"" 10-08-73 28",565
558,2 0 LINC HAD DAILY NODE TOTAL ILL SDAC XEROX,566
559,"(1 network TIP West Coast, Host RFNM ALLocate Network Group",567
560,[ Host NIC This 567 Deutsch network Network bits Hosts,568
561,-- NETED request Network SPEC If I Multics s1 4,569
562,This available PS PDF format Pickens 1],570
563,FTP [ Tenex Network Braden LF Group Robert T Request,571
564,572,572
565,U 73/08/15 73/08/29 STOR 36 CALICO 8 2 198 AND,573
566,[ UCSB Network Krilanovich Group M Request Comments: 574 NIC:,574
567,575,575
568,LINKS RECEIVE (or REFUSE B) conversation C 576 1973 TENEX,576
569,Mail Deliver [ I 577 October 1973 This user's urgency,577
570,; MUDDLE MACSYMA X <+ 578 1973 MIT-MATHLAB <* ++,578
571,30 -------- 0 2 McKenzie 1973 579 Traffic Statistics LINC,579
572,JBP NWG/RFC# 580 25-OCT-73 06:00 19849 designers Hereafter proposed protocols,580
573,Break Using Serving RCTE text IAC <cmd> 1973 Postel November,581
574,[ 1973 580 NLS Clements text (or Network Group R,582
575,583,583
576,Network [ 1973 Group ARPANET 584 20049 6 USING working,584
577,"Network Group Users USING 1973 585 Crocker, Meeting November NIC",585
578,-------- 0 2 31 HAD LINC DAILY TOTAL ILL SDAC,586
579,Dave (UCLA-NMC) Network Group Jon Request Comments: 587 MITRE November,587
580,TYPE TO THE PDP-9 360/195 360 COMMANDS SYSTEM 8 2,588
581,"NETRJS -device- CCN #20268 FOR message: TRANSFER BAD text, 7",589
582,"MIT-Multics 1973 desirable; [ Network Multics 6, Group M Request",590
583,Host Very Distant page Network Group D Request Comments: #591,591
584,NLS network 592 1973 HELP Watson Journal Tenex Design Resource,592
585,"Schedule FTP socket McKenzie (RFC 74 23 before), Network Group",593
586,System RFNM Get December LocalByte 100 594 1973 TENEX CPU,594
587,TELNET GA LAAT I Hathaway 1973 595 Defense TENEX In,595
588,GA I 596 1973 Telnet Go-Ahead December Network Second half-duplex,596
589,User Server PDP-10 TENEX TIP IBM PDP-11/45 ANTS (VDH)-> 1/74,597
590,"NETRJS NIC Braden ASCII-68 20854, 599: ASCII-63 Update PDP-10 job",599
591,PLATO Network System 600 1973 IV Berggreen ARPANET ASCII 8-bit,600
592,-------- 2 30 0 LINC ILL DAILY TOTAL NO BELV,601
593,Network TIP Arpa Group Bob Metcalfe (PARC-MAXC) Request Comments: 602,602
594,[ 1973 Washington Burchfiel Network Group JD 603 BBN-TENEX NIC,603
595,NIC Switching Protocol Internetworking Message Reserved December 155-158 72-154 [,604
596,605,605
597,::= I <data-part> network <end-of-line> TENEX <entry> For FTP <host-name-file>,606
598,"SOLUTION: FTP reply multi-line ""PASSWORD NOW server unique major maximum",607
599,Host ::= ASCII Kudlick 608 1974 RFC# <data-part> We NIC,608
600,[ Upcoming NIC/NLS TYMSHARE 609 Bill Ferguson 21339 SRI-ARC Jan,609
601,"|_____________| _____________ DESCRIPTION 1973 610 VALUE Datalanguage Greiff NAME Winter,",610
602,Host Dead BBN network IMP/Host message 17-28 1974 Walden February,611
603,0 -------- 31 2 LINC ILL DAILY TOTAL NO BELV,612
604,[ McKenzie adjacent Network four-connected #603 ARPA Alex Group 613,613
605,FTP We Server ACTV 607 Directory If user-FTP reply MAIL,614
606,::= <L-delim> syntax object <name> Network standardized NETWORK DIRECTORY |),615
607,"616 ""ARPA January 1974"" [ Network Group D BBN-NET NIC",616
608,FTP n+6 job Telnet NIC n+7 socket NCP (RFC 24,617
609,0 NCP 2 4 I TTY25 74 messages: 506A-18 31-Jan-74,618
610,40 ISI 22 SRI NCCT BBN HARV 02 619 1974,619
611,Request OFFICE-1 1974 NIC 53 nickname Network SRI-ARC Group Bill,620
612,[ THAT TO Kudlick MAIL SRI-ARC Group Michael D 621,621
613,(Bob McKenzie 622 1974 [ IMP/TIP John Network Scheduling Down,622
614,[ Krilanovich ASCII NIC 623 UCSB 1974 On-Line Host one-byte,623
615,"SOLUTION: FTP NOW reply TELNET ""USER"" (UCSB) ""PASSWORD multi-line ""300",624
616,[ (SRI-ARC) We NIC FTP Kudlick 623 Hostnames Network Group,625
617,0 24 8-packet reassembly D 8 -> single-packet 16 message,626
618,[ Feinler (SRI-ARC) Jake ASCII <NETINFO>HOSTSTXT Kudlick RFCs Group Mike,627
619,[ Network Group Marcia L Keeney 628 SRI-ARC 22361 March,628
620,<CR> [*] <SP> FTP <ALT> Network QUO [#] SNDMSG NIC,629
621,FTP TENEX MLFL [ 630 1974 DEFINITIONS 453 Usage 451,630
622,-- Liege [ 1974 631 Universite requested Danthine Mini-Computers 1975,631
623,MSG(i+1) MSG(i+4) single-packet MSG(i+2) MSG(i+3) Opderbeck RFNM(i+1) ALL(i+1) 1974 DEST-IMP,632
624,[0830-1130] [1130-1430] McKenzie Second Fourth IMP/TIP [0930-1230] [ 633 1974,633
625,[ (IMP McKenzie Haskins Alex May Laboratory BBN Group 634,634
626,2 ARPANET Host 635 1974 8 4 Host/Host 5 Assessment,635
627,! TENEX Host TIP 8 TIP/TENEX 30490 636 NWG/RFC# JDB,636
628,"[ McKenzie Host Alex 2, Network Group 637 BBN-NET NIC",637
629,[0830-1130] [1130-1430] [1200-1500] McKenzie [1300-1600] Second [ 638 April 1974,638
630,639,639
631,"+---+ ! 500, 501, reply FTP 530 421, NWG/RFC# JBP",640
632,641,641
633,"Error READY bit"" Wait 642 BBN July 1974 queue 1/2",642
634,"_______ CAN'T PDP-11 _________ DEBUG (Process, breakpoint given Op-Code __",643
635,We receiving TENEX authorized FTP mail ICP sending network Mail,644
636,::= 645 1974 Network syntax <data> June Syntax Specification Standard,645
637,646,646
638,Host ARPANET H-FP FE 647 1974 -- INDEX Padlipsky Host's,647
639,648,648
640,649,649
641,650,650
642,IAC SB STATUS WILL DO SE requests SEND 651 NAOL,651
643,"NAOCRD IAC party 8-bit receiver Command Telnet SB carriage-returns, data",652
644,horizontal 8-bit <8-bit value> NAOHTS IAC party receiver Command DON'T,653
645,horizontal NAOHTD IAC party Command 8-bit receiver TELNET OUTPUT HORIZONTAL,654
646,NAOFFD IAC party 8-bit receiver Command SB TELNET OUTPUT FORMFEED,655
647,8-bit NAOVTS <8-bit value> IAC party vertical Command DON'T receiver,656
648,NAOVTD IAC party Command vertical 8-bit receiver DON'T SB DR,657
649,NAOLFD IAC Command 8-bit party receiver SB simplex DON'T DS,658
650,Options Request 651 Option Network Group J Postel Comments: 659,659
651,Host/Host sequences THE Hosts Network message BBN Report Because number,660
652,1974 Documents: developments: Schedule: People: (POSTEL@SRI-ARC) NIC Contact: November [SRI-ARC],661
653,Multics DIM size Project Network approximately CISL network ARPANET 234-0A,662
654,I MSN LRN sequence R LMR messages ECLS CLS2 message,663
655,664,664
656,665,665
657,UULP 1974 666 Server User-Level Padlipsky November Protocol X Unified,666
658,__________________ |__________________| |____________| SYSTEM |________ |________| PDP-10 |________\ |_____| [,667
659,668,668
660,"X Old I1,3,6; O3 New New-Protocol I1,3; #"") ? [",669
661,670,670
662,Schantz 671 1974 Telnet request December TENEX RFCs sequence network,671
663,"TIP ""go ACTSER sequence ahead"" acknowledgement number If (ie network",672
664,673,673
665,"PCP Pathname: 11-DEC-74 674 31484 674; NWG/RFC# ""The NSW Package""",674
666,TCP ' packet 1974 TCB 675 0 December bits: Dalal,675
667,676,676
668,DBMP XYZ Johnson 677 1975 January DBMPs C Each We,677
669,"Standard page Overstriking Width <CR>, 60 Moves Format physical <LF>",678
670,"Old X I1,3,6; O3 New I1,3; 1975 New-Protocol Host #"")",679
671,"::= ! message This 680 item> field FIELDS 'FROM', (<>)",680
672,NETWORK UNIX 32157 681 NWG/RFC# 14-MAY-75 14:38 3/18/75 Holmgren );,681
673,682,682
674,TENEX TYPE FTP I Word MODE FDB NDW page words,683
675,PCP network In COMMENTARY PROCEDURE CALLING distributed We TENEX Our,684
676,PER network BBN PDP-10 ACTIVE subject program SRI AVG are:,685
677,I FTP-2 --> FTP-1 686 1975 640 1xx Well Harvey,686
678,"NOP message host IMP/host (eg, Host expanded This Change Expanded",687
679,[ TELNET 1975 -- Walden TIP Network Group David C,688
680,CLS TENEX socket CLOSF RFNM program FREE CLSW OPND TIME,689
681,This NOP message Change Host 690 1975 Host/IMP host June,690
682,I SRVR FTP-2 NWG/RFC# 6-JUN-75 FTP 691 BH 23:15 32700,691
683,[ Host 687 Wolfe 104 June 1975 network 692 8,692
684,693,693
685,"(POSTEL@BBNB) 694 Documents: 1975 NIC Postel [Office-1] Schedule: 18, developments:",694
686,Official Host-Host ERR Change zeros NWG/RFC# 695 MCK 5-JUL-75 15:38,695
687,bits; IMP/HOST HOST/IMP [ NCP July 1975 ADDRESS 16 packet,696
688,FTP [ CWD If Lieb 697 July 1975 job (Change,697
689,"(hidden ASCII EXTEND-ASCII OPTION command extended NVT horseshoe) 698, (July",698
690,74 Network McKenzie Vernon Oct 1982 November TENEX ARPANET RFCs,699
691,sequence LEFT RIGHT receiver FRST HUH message size messages network,700
692,"X 03 ? I1,3,6; I1,3; OLD THE #"") 1974 NEW",701
693,"X 3; OLD 6; 18% #"") I1, O3 Dodds 1974",702
694,"Old X I1,3,6; O3 I1,3; joined ? New New-Protocol Host",703
695,NOP host/IMP 16-bit message Host host IMP/host expanded Change Expanded,704
696,***WORKING DOCUMENT*** ! Host 705 PATH Front-End FE index network,705
697,"Network network Host/IMP ""refuse X"" (per Host Group Jon Postel",706
698,High-Level NWG/RFC# 19:51 34263 14-JAN-76 Network-Based JEW 707 76 Framework,707
699,INDEX 708 -> James Group Comments: Network White LIST CHARSTR,708
700,709,709
701,710,710
702,711,711
703,capability Capability requestor > 1976 712 DCCS February network ;,712
704,object <--> b-REPEAT p-STRUC b-CHAR7 b-STRUC Object: 0| -- For,713
705,! Host 8 sequence Host/Host McKenzie ARPANET-type RST CLS 714,714
706,715,715
707,"Host RTP BBN 1822 packet zero, Appendix may Very On",716
708,Header Destination KID Data information Network (8) (24) NWG/RFC# JBP,717
709,TELNET RCTE TENEX wakeup Tenex buffer Network Group Jon Postel,718
710,"""WILL RCTE RCTE"" I Postel (SRI-ARC) Synch-data ""DO 15-Jul-76 Jon",719
711,L-Bracket R-Bracket Individual-List {An Name Address-List Individual Mailbox Group-List Group-Name,720
712,<= sequence 36636 Out-of-Band 721 76 NWG/RFC SEP LLG packet,721
713,[Reference request 1/ 2/ request-reply synchronization In 3/ ARPANET 1976,722
714,723,723
715,"::= "":"" ASCII Network ARPANET Jones TELNET syntax George <phrase>",724
716,RJE ! job +--------+ 38316 NWG/RFC# 25-APR-77 725 GRG DAY,725
717,break RCTE NWG/RFC# 8-MAR-77 39237 JBP 08:29 726 DHC Option,726
718,IAC LOGOUT user 727 40025 process DON'T NWG/RFC# MRC 26-APR-77,727
719,sequence Telnet following Network Group John Day Request Comments: 728,728
720,IAC <macro byte> <expansion BM <DEFINE> string> WILL #729 BM),729
721,::= Network Extensible <fields> <field> 730 20 Field May network,730
722,"IAC DET subcommand SB John code: 40652 June 27,1977 SE",731
723,IAC DET subcommand SB John TRANSMIT 41762 NWG/RFC# DAY 13-Sep-77,732
724,"; "":"" Messages ASCII Jones Network Text ARPANET Format TELNET",733
725,SUPDUP 41953 ASCII NWG/RFC# 08:46 734 07-OCT-77 MRC 7-bit 12-bit,734
726,IAC byte> <macro BM <DEFINE> <replacement 735 77 42083 string>,735
727,SUPDUP IAC 736 42213 TELNET Mark display WILL NWG/RFC# MRC,736
728,XSEM 737 31 42217 FTP 009 message -- XSEN SEND,737
729,42218 738 Server U: 32-bit 0000 January 1900 S: time,738
730,Assigned Network Numbers NWG/RFC# JBP NIC Nov ASSIGNED Reserved 42341,739
731,NETRJS job VRBT 740 42423 Protocol 22 Braden 77 EBCDIC,740
732,NWG/RFC Network (NVP) 741 Voice 42444 77 R(J) Protocol DC,741
733,KLH EXEC 42758 NWG/RFC# 08:31 Site: Command 30-Dec-77 line: 742,742
734,XRSQ U: FTP XRCP MAIL/MLFL 743 S: NWG/RFC# KLH 30-Dec-77,743
735,; 42857 744 NWG/RFC 21:59 MARS JS5 8-Jan-78 FROM: Retrieval,744
736,JANUS 1822 Report 43649 Requirement: NWG/RFC# MDB2 30-MAR-78 745 Discussion:,745
737,<p> SUPDUP objects 746 43976 NWG/RFC# 17-MAR-78 Extension RMS Graphics,746
738,SUPDUP OSPEED 734 TTYOPT 44015 746 SMARTS ISPEED graphics Extensions,747
739,IAC RANDOMLY-LOSE 748 44125 randomly user server NWG/RFC# 1-APR-78 REQUESTS,748
740,SUPDUP-OUTPUT IAC TELNET 45499 Greenberg user NWG/RFC BSG 26-Sep-78 WON'T,749
741,Network Assigned NWG/RFC Numbers 18:30 26-Sep-78 NIC 45500 JBP Octal,750
742,450 User Recognized Unknown mailbox FZORKNESS MLFL 507 451 FTP,751
743,; NET Universal NWG/RFC# 752 2-Jan-79 01:22 network Mark CHAOS,752
744,"! LIST( LIST 1979 ), MPM Message message TEXT Protocol",753
745,ARPANET FTP FWDR 754 1979 6 Outside: Host Out-of-Net From:,754
746,Network Numbers May Octal Assigned NIC Reserved References ASSIGNED IEN,755
747,Server Name NIC July SRI ~ query 1979 Arpanet J,756
748,ID 1979 network 757 TIP September delivery Login 753 MPM,757
749,Network Numbers August Octal Assigned NIC 758 USC/Information Reserved Unassigned,758
750,"ENDLIST PROPLIST: NAME:""MPM"", NAME:""IA"", 1980 +-----+ MPM August Message NAME:",759
751,January 1980 Protocol 0 Internet 4 5 datagram 2 8,760
752,"TCP sequence January 1980 STATE If ESTABLISHED SYN ""error: Functional",761
753,Network Numbers January UCL 1980 NIC Assigned Reserved USC/Information August,762
754,NBS May 80 Network Group Request Comments: 763 ROLE MAILBOXES,763
755,"TELNET NVT 148 June 1980 764, XXX Protocol IEN Postel",764
756,+---+ 765 1980 149 June <CRLF> TELNET FTP IEN MRSQ,765
757,Protocol Level Handbook Datagram Gateway RFCs IENs 766 Server Network,766
758,:= proplist:( 1980 )endlist Multi-Media structure> August Format Documents Structured,767
759,"+--------+--------+--------+--------+ 1980 zero USC/Information January checksum UDP J, one's Datagram",768
760,Rapicom 450 DATA +--------+--------+--------+--------+---//---+--------+--------+ represents organizations In synchronization sequence block,769
761,"Network Numbers September 1980 UCL Assigned NIC USC/Information Protocol,"" Reserved",770
762,"NCP 1980 TCP USC/Information ARPANET mailbox September J, Mail 771",771
763,+---+ MRSQ <CRLF> 772 1980 MAIL sender-MTP MTP September reply,772
764,"NCP/TCP 1980 ARPANET mailbox ""host"" 773 NCP October Mail Service",773
765,Protocol 774 Level Gateway Handbook Obsoletes: Message Server Mail RFCs,774
766,FTP XMKD XCWD 257 /usr/dm (450) 506 (502) (451) NIC,775
767,[JBP] Network Unassigned Numbers UCL BBN January [PLH] Reserved [VGC],776
768,0 2 5 8 9 64 6 4 datagram's 1981,777
769,DCNET ICS 2 5 0 BLKW 4 COMSAT-WWV COMSAT-GAT Clock,778
770,SEND-LOCATION user's IAC Killian TELNET location 779 1981 REQUESTS <location>,779
771,MAIL 780 Sluizer +---+ 1981 <CRLF> MRSQ ::= S: reply,780
772,"ID IP next (ie, 80] Techniques number option [Cerf 78]",781
773,"virtual Virtual ____ ~ workstation (eg, display +-----+ In terminal",782
774,2 packet TFTP 0 request ACK bytes DATA TID Datagram,783
775,+----+ +-----+ MTP +------+ |-+ mail NCP v Sluizer TOPS20,784
776,+--------------------------------------------------+ +------------------------+ <CRLF> 1981 Sluizer 785 July text TOPS20 <TO-path>,785
777,<CR><LF> NIMAIL TOPS20 MTP Network arrives Sluizer 786 July 1981,786
778,Reference: Source: Date: Model Data OSI Connectionless Layer Reference 100,787
779,S: R: 250 OK 1981 ::= 788 November +---+ Mail,788
780,sequence 789 Beranek Newman Bolt IMPs LATER Eric Rosen C,789
781,[JBP] Network Unassigned Numbers Reserved September BBN UCL [PLH] MIT,790
782,0 1981 September Protocol Internet 4 5 2 8 network,791
783,0 5 2 8 ICMP 4 1981 9 792 September,792
784,TCP sequence 1981 STATE If ESTABLISHED September Functional SYN ACK,793
785,FTP LISTEN TCP Host X packet request 1981 AUTODIN realized,794
786,"0 M I/A Q/R 1981 Service 795 (""Type Size DELAY",795
787,8 +--------+--------+--------+--------+ 0 5 (Class 16 24 A) ZERO network,796
788,"---------------------------------------------------------- y-increment 4 x-increment Katz 10 For Express mode, length",797
789,377 125 0 376 177 367 block Katz 344 DECODING,798
790,COMSAT MRCP PAGE RFC-780 In Domains 2 mailbox RFC-733 INTELPOST,799
791,version; TELNET Vernon Option TOPS20 Network Protocol 81 1982 Postel,800
792,1981 RELAY Host 801 NCP-only FTP |<-------->| SMTP November TCP,801
793,1822L G 802 Andrew Host ARPANET 1822 message Bits +----------------------------------+,802
794,Dacom 450/500 450 \-----------' PAGE Data Facsimile X 0 2,803
795,12 8 9 13 6 T4 Recommendation CCITT 5 PAGE,804
796,Postel 1982 By: Due: mailbox (617) Jon ISI (415) Computer,805
797,0 Length (OPTIONAL) 16 8 message Qualifier This CBMS Message,806
798,NBS (213) 1982 By: Mail Due: SRI (617) (01)387-7050 Postel,807
799,"BBN TOPS-20 Mail 1982 NSW TENEX 808 Postel TENEX, MIT-MC,-AI,-ML",808
800,/* */ #define ! UCL INDRA task Note 1185 SYSTEM,809
801,::= : 1982 Protocol Host <NETINFO>HOSTSTXT March 810 Table Network,810
802,: <CRLF> 100073 1982 example: FOONLY-F3 TENEX follows) ;where Keys:,811
803,"NICNAME/WHOIS Dyer, [looks (315) (MARY) DYER@SRI-NIC (415) 859-4775 ARPANET NICNAME",812
804,"SWS acknowledgement However, In TCP CPU 50 200 receiver size",813
805,"IP TCP However, ICMP packet size UDP network In When",814
806,We existing reassembly IP fragment If datagram buffer equal In,815
807,"TCP ICMP gateway In SMTP network 4 Unreachable 2 First,",816
808,"TCP In It IP This packet However, One Since If",817
809,TC68K TC-Telnet network User BBN Remote 818 1982 Network November,818
810,::= 1982; 819 Internet Postel naming Su ARPANET August For,819
811,[JBP] Unassigned Network Numbers January BBN Reserved R 820 1983,820
812,S: R: 250 ::= OK 1982 821 August +---+ Mail,821
813,"; "":"" #822 1982 13, ARPA Messages Text August may",822
814,Gateway DARPA 823 network 1982 gateway Internet September 0 Sequence,823
815,VLN Ethernet DOS-26 824 Network Rev Cronus network Local DARPA,824
816,ARPA Each 825 November 1982 RFCs This Internet Request Requests,825
817,Ethernet 48bit packet 10Mbit address> request For Resolution protocol <protocol,826
818,! 0 827 network EGP NR Beranek Bolt C gateway,827
819,WG TC 1982 subject 828 6 IFIP August 64 working,828
820,"Packet AFIPS November Vol Proceedings, Satellite 1982 packet pp Hawaii",829
821,Length DNS 6 2 0 1982 830 Name October service,830
822,|____| 831 SATNET H IP 1982 (_____________) UCL December Request,831
823,accepted accepted+ ---- -tfs refused +-----------+-------------+---------+------+------------+ T--- -tf- l -t--,832
824,accepted ---- accepted+ -tfs refused T--- -tf- +-----------+-------------+---------+------+------------+ -t-- 6,833
825,accepted accepted+ refused ---- -tfs l u b +-----------+-------------+---------+------+------------+ T---,834
826,accepted refused accepted+ ---- -tfs l u b +-----------+-------------+---------+------+------------+ T---,835
827,accepted accepted+ refused ---- -tfs +-----------+-------------+---------+------+------------+ T--- -tf- c -t--,836
828,accepted accepted+ ---- refused -tfs +-----------+-------------+---------+------+------------+ T--- c -tf- -t--,837
829,accepted accepted+ ---- refused -tfs +-----------+-------------+---------+------+------------+ T--- 4 c -tf-,838
830,Protocol STATUS: SPECIFICATION: COMMENTS: REFERENCES: OTHER CONTACT: DEPENDENCIES: Postel@USC-ISIF 840,840
831,0 Length 8 (OPTIONAL) 16 CBMS message +--------+--------+--------+--------+--------+ This Qualifier,841
832,accepted accepted+ -tfs ---- refused c -tf- +-----------+-------------+---------+------+------------+ T--- -t--,842
833,accepted accepted+ -tfs ---- refused c -tf- +-----------+-------------+---------+------+------------+ T--- 2,843
834,OK response ---- unreachable February TELNET ------ csnet-sh -- Network,844
835,accepted accepted+ -tfs refused ---- +-----------+-------------+---------+------+------------+ c -tf- 4 tcp/ftp,846
836,82 83 Dec Jan 314 323 Feb 315 22 25,847
837,128401 128403 128405 dcn6 128406 1285014 1285013 128501 128502 128503,848
838,NIC's NIC SRI-NIC (1) (2) requires This Tenex Network Group,849
839,"USENET ARPANET ID message This From: 2/13/83; 210 From However,",850
840,1822L Host 1983 851 Access April Bits ARPANET Protocol message,851
841,ARPANET Short Blocking Feature 1983 852 April Host C/30 1822L,852
842,853,853
843,TELNET NVT 854 1983 XXX Reynolds May Postel request user's,854
844,ABC IAC TELNET Postel 855 1983 Section (or Reynolds J,855
845,TRANSMIT-BINARY TELNET IAC WON'T NVT binary 856 1983 DON'T J,856
846,ECHO TELNET <---------------- ----------------> 2 UHOST WON'T Process WILL Reynolds,857
847,duplex TELNET SUPPRESS-GO-AHEAD IAC J option 858 1983 WON'T sender,858
848,IAC STATUS SB TELNET WILL DO Reynolds SEND SE 859,859
849,TIMING-MARK WILL mark DO 860 1983 Postel TELNET WON'T command,860
850,"IAC SB ""Extended List"" negotiating, EXOPL J Reynolds Options begin",861
851,UDP TCP Echo back ARPA Internet Based Service This Network,862
852,UDP TCP Discard This ARPA Internet Based Service away 9,863
853,service Character Generator Network Group J Request Comments: ISI specifies,864
854,UDP TCP Quote quote ARPA Based Service 17 Day Internet,865
855,UDP TCP active Users ARPA Based datagram currently Active service,866
856,UDP Daytime TCP Example: syntax service 867 May 1983 Protocol,867
857,"00:00 GMT, Protocol 37 U: S: When 1983 January 1900",868
858,0 +-+-+-+-+-+-+-+-+-+-+-+-+-+-+-+-+ Number RFC-869 2 1983 Gateway 5 Message 4,869
859,[JBP] Unassigned Network Numbers BBN R 870 Reserved USC/Information Assigned,870
860,ISORM ARPANET 1982 871 ARM X25 Hosts NWG Host Host-Host,871
861,TCP/IP TCP Host-Host 872 1982 LAN proximate Hosts Host September,872
862,X25 873 1982 ARPANET ARMS NBS X75 ISORM DoD ISORMS,873
863,X25 1982 874 ISORM ________________ H-FP Yet DoD ISO September,874
864,875 1982 Host ARPANET -- T/MG's T/MG Host-Host September Heffalumps,875
865,---- Host Bad jqkx VRFY 876 SMTP Post RCPT ISI-,876
866,"size X25 virtual 1983 IP Data example, Request 877 Networks",877
867,1822L Host 1983 878 December Access Bits Protocol 1822 ARPANET,878
868,TCP Maximum Size IP MTU 576 size November network Segment,879
869,SPECIFICATION: Protocol STATUS: OTHER REFERENCES: COMMENTS: CONTACT: DEPENDENCIES: 880 Postel@USC-ISIF,880
870,DDN : ARPA Domain 1983 TOPS-20 Schedule 881 This Available,881
871,"IN FISIARPA 1983 Mockapetris 882 query BISIARPA Domain November example,",882
872,+--+--+--+--+--+--+--+--+--+--+--+--+--+--+--+--+ query 1983 zone 883 Mockapetris +-----------------------------------------+ November Domain Specification,883
873,IAC TERMINAL-TYPE SB 884 1983 type WILL Wimmers SEND December,884
874,"END-OF-RECORD IAC Telnet data 885 1983 WON'T example, Postel begin",885
875,822 ARPA UCI For Munging 886 Header Request Comments: Message,886
876,0 request UDP <Flags>=none 1983 2 IP 887 53 Location,887
877,! network 0 EGP 2 1984 JANUARY 888 NR gateway,888
878,0 DCN1 ARPANET 2 SATNET 99 DL Delay Internet ICMP,889
879,"gateways EGP 1984 Exterior 890 Protocol"", Gateway exchange dumb DARPA",890
880,DCN HELLO -> +-+-+-+-+-+-+-+-+-+-+-+-+-+-+-+-+ Local-Network Mills If zero This When,891
881,TPDU Organization AK ISO Class network 2 TPDUs Network Specification,892
882,"Mb/s size Karels 1984 893 10 packet Leffler network Ethernet,",893
883,"Ethernet IP 1984 Hornig J, USC/Information 1500 48-bit Unix Maximum",894
884,Ethernet Experimental IP 1984 895 Unix April Datagrams 42bsd Size,895
885,TCP ARPANET Quench Source ICMP We IP/TCP 896 1/6/84 packet,896
886,"897 1984 Domain 84 February DDN example: Schedule example, Internet",897
887,"Gateway 1984 898 Hinden, -- SIG EGP Reynolds Postel: Muuss,",898
888,ARPA Internet 83 This Westine 1984 May 82 Postel Gateway,899
889,[JBP] Numbers Network Unassigned Protocol Reynolds BBN Assigned USC/Information 900,900
890,OTHER Protocol STATUS: SPECIFICATION: COMMENTS: REFERENCES: CONTACT: DEPENDENCIES: 901 Postel@USC-ISIFARPA,901
891,DARPA ICCB DDN ARPA-Internet DDN-PMO 902 1984 Internet July World,902
892,"RARP Mann, Mogul, June 1984 Finlayson, request 903 existing 42BSD",903
893,-> 0 2 Hello Request 4 6 DL Gateway Cease,904
894,TPDU *| AK network (see TPDUs Class 4 2 0,905
895,TFTP 1984 Ethernet June request 906 DATA network IP ERROR,906
896,+--+--+--+--+--+--+--+--+--+--+--+--+--+--+--+--+ 1984 Host 907 July SIMP 2 Group Request ID,907
897,RDP If Endif SYN sequence RFC-908 July 1984 segment 5,908
898,0 2 5 4 LDP Command 6 +-- --+ Format,909
899,Diamond 1984 Forsdick object Multimedia Date: 910 Workstation SRI (617),910
900,EGP gateway ISI-Hobgoblin ISI-Gateway Unix 911 ARPANET AS's 42 ISI-NET,911
901,"<foreign-port> : StJohns (decimal) <local-port>, TCP <additional-info> 1984 USERID 912",912
902,913 1984 ASCII ! <NULL> TOPS-20 Lottor SFTP September 8-bit,913
903,0 2 5 |0 0|0 1|0 0| 6 8 4,914
904,S: U: 117) 915 Year ARPA-Internet Nedved Network Elvy :=,915
905,packet 1984 916 ACK Protocol If October Reliable SYNCH FIN,916
906,network Internet 1984 917 October Mogul ICMP Subnets 0 ARP,917
907,+---+ --> <-- |------>| +OK Wait +----->| |---->| PASS mailbox,918
908,"IP network 1984 Mogul October Broadcasting example, Broadcast Datagrams University,",919
909,1984 Domain Requirements 920 October level HOSTMASTER@SRI-NICARPA Network example: Mailbox:,920
910,1984 Domain 921 October Revised DDN example: 84 Schedule NIC,921
911,IP BEGIN END /* */ THEN network 1984 Mogul October,922
912,[JBP] Numbers Network Unassigned Protocol Reynolds 923 Assigned BBN R,923
913,OTHER STATUS: COMMENTS: SPECIFICATION: REFERENCES: CONTACT: Protocol 924 DEPENDENCIES: Postel@USC-ISIFARPA,924
914,ARP BOX LAN 1984 Multi-LAN 925 BOXes Network IA:HA If,925
915,PDU : := Network ISO 926 1984 8473 1984) (May,926
916,IAC 0 TUID TELNET U-> (the SE SB S-> WILL,927
917,H-FP OPE 1984 928 X25 December I/O Host Multics PI,928
918,OPE Host Begin 1984 TCP 929 Lilienkamp Mandell December Host-Front,929
919,TERMINAL-TYPE IAC SB SEND IS type 930 January 1985 DO,930
920,"::= : StJohns USERID 1985 "":"" Server 931 January TCP",931
921,"Class C 932 1985 256 ""B 1/2"" January network However,",932
922,IAC OUTMRK CNTL Server-Telnet marking SB User-Telnet 933 January 1985,933
923,text Message 1985 S2 934 January CRLF message Encapsulation {c},934
924,January Link 935 1985 0 Layer I Data Standard RATP,935
925,network Internet Subnet Karels 1985 Class 936 1984 Berkeley Addressing,936
926,"--> <-- mailbox +----+ 937 1985 Butler, message +-------+ QUIT",937
927,IRTP DATA sequence SYNCH 938 1985 ACK February packet +--------+--------+--------+--------+,938
928,National Research TP-4 DOD Executive 1985 February 939 NRC ISO,939
929,"IP 1985 GADS 940 April Internet However, AND subnet; RFC-917,",940
930,Network Layer NSAP ISO/TC-97/SC-6 1985 ISO DSP 941 syntax IDI,941
931,TP-4 DOD TCP ISO 1985 942 Research February National Report,942
932,[JBP] Numbers Network Unassigned Protocol R 943 Assigned Reynolds BBN,943
933,OTHER STATUS: SPECIFICATION: COMMENTS: REFERENCES: CONTACT: Protocol DEPENDENCIES: 944 ARPA-Internet,944
934,"Executive DoD TP However, DEFENSE NRC Report Secretary DCA available",945
935,TTYLOC IAC number 64-bit 1985 (User) 32-bit 946 May Number,946
936,Cronus UDP 1985 Lebowitz 947 Multi-network Internet Mankins We June,947
937,"Layer 8023 York, IP Link IEEE 1985 8022/8023 Winston Ethernet",948
938,(-> FTP 250 STOR Padlipsky Uniquely 949 July 1985 505,949
939,0 Mask address: ICMP Destination Protocol: Code: Mask: Internet Type:,950
940,"IP If Gilmore 'BOOTP packet 951 1985 BOOTP server NIC,",951
941,"::= : TABLE 1985 952 <hname> SPECIFICATION name> +-+------------+--------------+--------------+--------------+ *["",""",952
942,": <CRLF> 1985 953 J, HNAME (SRI) request key> Query",953
943,"Fischer, NICNAME/WHOIS [looks 1985 954 October MILNET Feinler (NANCY) Network",954
944,"1985 UDP Braden 955 We However, Internet September TCP size",955
945,0 4 ICMP 2 UDP Network Synchronizing September 1985 -1,956
946,Network Clock WWVB 1985 957 Synchronization GOES clock Experiments In,957
947,NTP Network 0 clock Protocol 958 2 Group 4 September,958
948,"+---+ 1985 <CRLF> FTP 959 October File Reynolds 501, (NIC",959
949,[JBP] Numbers Network R Protocol 960 Assigned Reynolds Unassigned BBN,960
950,OTHER STATUS: SPECIFICATION: COMMENTS: CONTACT: REFERENCES: Protocol DEPENDENCIES: 961 Postel@USC-ISIBARPA,961
951,NYS 962 1985 TCP-4 Padlipsky Network Group M Request Comments:,962
952,"YES := IP [MILS83a, 1985 MIL-STD 963 November ? [ADA83,",963
953,:= TCP SYN ESTAB 964 recv_next 1985 -> (see -->,964
954,"'GKSM L 1985 965 SET object December (GKSM-OUT,) PIGCF +------------+",965
955,Group 1985 Internet 0 Extension Host 966 Groups: Request network,966
956,Padlipsky 967 1985 Victims I December All Network Group M,967
957,Cerf 1985 968 Before I December Night He Network Group,968
958,NETBLT 2 packet size Zhang buffer 969 1985 NETBLT: 4,969
959,We 970 1985 queue packet Nagle Packet time-to-live December On,970
960,-- CCITT NBS Message XEROX 971 January 1986 DeSchon X409,971
961,PWDGEN UDP TCP CRLF-delimited Service Internet 972 January 1986 ARPA,972
962,1986 RRs January 973 Mockapetris zone MX YGOV query NS,973
963,MX CEXAMPLEORG DEXAMPLEORG IN AEXAMPLEORG REMOTE query SMTP LOCAL BEXAMPLEORG,974
964,"EGP 975 1986 Mills Confederations Update February Autonomous However, 128",975
965,UUCP 1986 976 Jan Horton 1985 RFC-822 Mail February 6,976
966,S: C: Kantor 977 1986 Network News Lapsley February text,977
967,"+-+-+-+-+-+-+-+-+-+-+-+-+-+-+-+-+ <sp> Voice DTMF Protocol Example 978 Interchange Reynolds, Network",978
968,PSN X25 AHIP EE Version 979 1986 EE's Malis March,979
969,[RFC Protocol SECTION Jacobsen DDN VOLUME 1986 980 PROTOCOL Order,980
970,015 0 2 5 74 4 005 35 11 Multiple-Path,981
971,DSP ANSI subnetwork ISO NSAP 8802 length MAC value Guidelines,982
972,TCP TCP: ISO TPKT expedited 1986 TS-user 4 TSAP 2,983
973,=> <= 501 [why:str] 500 DMSP (ok) (failure) 1986 984,984
974,Network Internet 1986 DARPA NTAG DRAFT Gateways Requirements 985 ICMP,985
975,: --+ |--------------------------------------| +------------------------+ +-- ISO Braun CLNP IP +--------,986
976,X400 822 ; 1986 987 Kille June Mapping This 822-P1,987
977,IP Group Request Extensions Ethernet network 988 1986 Host Deering,988
978,"IK 1987 Privacy 989 Task Linn, MAC text 2 DEK",989
979,"Network R [JBP] November G Unassigned Protocol Reynolds 1986 [129,LW26]",990
980,STATUS: SPECIFICATION: COMMENTS: CONTACT: OTHER REFERENCES: DPH) Protocol 1986 (in,991
981,GBCAST Joseph 1986 November 992 ACM We CBCAST ABCAST In,992
982,"<= => DMSP [code:C, 501 why:S] 993 1986 500 Lambert",993
983,PDU Network Error ISO Service Address 8473 Report 1986 994,994
984,PDU Network ISO Configuration subnetwork End |_____________________________________________| System Address 1986,995
985,0 Group Network DARPA STATSRV Bolt Beranek February 1980 ASCII,996
986,"R Network Net G Numbers ---none--- [30,LW26] D Reynolds Unassigned",997
987,NETBLT 2 4 0 6 5 8 9 DATA packet,998
988,ARPA-Internet 85 Network This 1987 Protocol 84 requests ISO network,999
